nombre,link-Imagen,link-Pagina
Alchemist,https://es.dotabuff.com/assets/heroes/alchemist.jpg,https://es.dotabuff.com/heroes/alchemist
Axe,https://es.dotabuff.com/assets/heroes/axe.jpg,https://es.dotabuff.com/heroes/axe
Bristleback,https://es.dotabuff.com/assets/heroes/bristleback.jpg,https://es.dotabuff.com/heroes/bristleback
Centaur Warrunner,https://es.dotabuff.com/assets/heroes/centaur-warrunner.jpg,https://es.dotabuff.com/heroes/centaur-warrunner
Chaos Knight,https://es.dotabuff.com/assets/heroes/chaos-knight.jpg,https://es.dotabuff.com/heroes/chaos-knight
Dawnbreaker,https://es.dotabuff.com/assets/heroes/dawnbreaker.jpg,https://es.dotabuff.com/heroes/dawnbreaker
Doom,https://es.dotabuff.com/assets/heroes/doom.jpg,https://es.dotabuff.com/heroes/doom
Dragon Knight,https://es.dotabuff.com/assets/heroes/dragon-knight.jpg,https://es.dotabuff.com/heroes/dragon-knight
Earth Spirit,https://es.dotabuff.com/assets/heroes/earth-spirit.jpg,https://es.dotabuff.com/heroes/earth-spirit
Earthshaker,https://es.dotabuff.com/assets/heroes/earthshaker.jpg,https://es.dotabuff.com/heroes/earthshaker
Elder Titan,https://es.dotabuff.com/assets/heroes/elder-titan.jpg,https://es.dotabuff.com/heroes/elder-titan
Huskar,https://es.dotabuff.com/assets/heroes/huskar.jpg,https://es.dotabuff.com/heroes/huskar
Kunkka,https://es.dotabuff.com/assets/heroes/kunkka.jpg,https://es.dotabuff.com/heroes/kunkka
Legion Commander,https://es.dotabuff.com/assets/heroes/legion-commander.jpg,https://es.dotabuff.com/heroes/legion-commander
Lifestealer,https://es.dotabuff.com/assets/heroes/lifestealer.jpg,https://es.dotabuff.com/heroes/lifestealer
Mars,https://es.dotabuff.com/assets/heroes/mars.jpg,https://es.dotabuff.com/heroes/mars
Night Stalker,https://es.dotabuff.com/assets/heroes/night-stalker.jpg,https://es.dotabuff.com/heroes/night-stalker
Ogre Magi,https://es.dotabuff.com/assets/heroes/ogre-magi.jpg,https://es.dotabuff.com/heroes/ogre-magi
Omniknight,https://es.dotabuff.com/assets/heroes/omniknight.jpg,https://es.dotabuff.com/heroes/omniknight
Primal Beast,https://es.dotabuff.com/assets/heroes/primal-beast.jpg,https://es.dotabuff.com/heroes/primal-beast
Pudge,https://es.dotabuff.com/assets/heroes/pudge.jpg,https://es.dotabuff.com/heroes/pudge
Slardar,https://es.dotabuff.com/assets/heroes/slardar.jpg,https://es.dotabuff.com/heroes/slardar
Spirit Breaker,https://es.dotabuff.com/assets/heroes/spirit-breaker.jpg,https://es.dotabuff.com/heroes/spirit-breaker
Sven,https://es.dotabuff.com/assets/heroes/sven.jpg,https://es.dotabuff.com/heroes/sven
Tidehunter,https://es.dotabuff.com/assets/heroes/tidehunter.jpg,https://es.dotabuff.com/heroes/tidehunter
Timbersaw,https://es.dotabuff.com/assets/heroes/timbersaw.jpg,https://es.dotabuff.com/heroes/timbersaw
Tiny,https://es.dotabuff.com/assets/heroes/tiny.jpg,https://es.dotabuff.com/heroes/tiny
Treant Protector,https://es.dotabuff.com/assets/heroes/treant-protector.jpg,https://es.dotabuff.com/heroes/treant-protector
Tusk,https://es.dotabuff.com/assets/heroes/tusk.jpg,https://es.dotabuff.com/heroes/tusk
Underlord,https://es.dotabuff.com/assets/heroes/underlord.jpg,https://es.dotabuff.com/heroes/underlord
Undying,https://es.dotabuff.com/assets/heroes/undying.jpg,https://es.dotabuff.com/heroes/undying
Wraith King,https://es.dotabuff.com/assets/heroes/wraith-king.jpg,https://es.dotabuff.com/heroes/wraith-king
Anti Mage,https://es.dotabuff.com/assets/heroes/anti-mage.jpg,https://es.dotabuff.com/heroes/anti-mage
Arc Warden,https://es.dotabuff.com/assets/heroes/arc-warden.jpg,https://es.dotabuff.com/heroes/arc-warden
Bloodseeker,https://es.dotabuff.com/assets/heroes/bloodseeker.jpg,https://es.dotabuff.com/heroes/bloodseeker
Bounty Hunter,https://es.dotabuff.com/assets/heroes/bounty-hunter.jpg,https://es.dotabuff.com/heroes/bounty-hunter
Clinkz,https://es.dotabuff.com/assets/heroes/clinkz.jpg,https://es.dotabuff.com/heroes/clinkz
Drow Ranger,https://es.dotabuff.com/assets/heroes/drow-ranger.jpg,https://es.dotabuff.com/heroes/drow-ranger
Ember Spirit,https://es.dotabuff.com/assets/heroes/ember-spirit.jpg,https://es.dotabuff.com/heroes/ember-spirit
Faceless Void,https://es.dotabuff.com/assets/heroes/faceless-void.jpg,https://es.dotabuff.com/heroes/faceless-void
Gyrocopter,https://es.dotabuff.com/assets/heroes/gyrocopter.jpg,https://es.dotabuff.com/heroes/gyrocopter
Hoodwink,https://es.dotabuff.com/assets/heroes/hoodwink.jpg,https://es.dotabuff.com/heroes/hoodwink
Juggernaut,https://es.dotabuff.com/assets/heroes/juggernaut.jpg,https://es.dotabuff.com/heroes/juggernaut
Kez,https://es.dotabuff.com/assets/heroes/kez.jpg,https://es.dotabuff.com/heroes/kez
Luna,https://es.dotabuff.com/assets/heroes/luna.jpg,https://es.dotabuff.com/heroes/luna
Medusa,https://es.dotabuff.com/assets/heroes/medusa.jpg,https://es.dotabuff.com/heroes/medusa
Meepo,https://es.dotabuff.com/assets/heroes/meepo.jpg,https://es.dotabuff.com/heroes/meepo
Monkey King,https://es.dotabuff.com/assets/heroes/monkey-king.jpg,https://es.dotabuff.com/heroes/monkey-king
Morphling,https://es.dotabuff.com/assets/heroes/morphling.jpg,https://es.dotabuff.com/heroes/morphling
Naga Siren,https://es.dotabuff.com/assets/heroes/naga-siren.jpg,https://es.dotabuff.com/heroes/naga-siren
Phantom Assassin,https://es.dotabuff.com/assets/heroes/phantom-assassin.jpg,https://es.dotabuff.com/heroes/phantom-assassin
Phantom Lancer,https://es.dotabuff.com/assets/heroes/phantom-lancer.jpg,https://es.dotabuff.com/heroes/phantom-lancer
Razor,https://es.dotabuff.com/assets/heroes/razor.jpg,https://es.dotabuff.com/heroes/razor
Riki,https://es.dotabuff.com/assets/heroes/riki.jpg,https://es.dotabuff.com/heroes/riki
Shadow Fiend,https://es.dotabuff.com/assets/heroes/shadow-fiend.jpg,https://es.dotabuff.com/heroes/shadow-fiend
Slark,https://es.dotabuff.com/assets/heroes/slark.jpg,https://es.dotabuff.com/heroes/slark
Sniper,https://es.dotabuff.com/assets/heroes/sniper.jpg,https://es.dotabuff.com/heroes/sniper
Spectre,https://es.dotabuff.com/assets/heroes/spectre.jpg,https://es.dotabuff.com/heroes/spectre
Templar Assassin,https://es.dotabuff.com/assets/heroes/templar-assassin.jpg,https://es.dotabuff.com/heroes/templar-assassin
Terrorblade,https://es.dotabuff.com/assets/heroes/terrorblade.jpg,https://es.dotabuff.com/heroes/terrorblade
Troll Warlord,https://es.dotabuff.com/assets/heroes/troll-warlord.jpg,https://es.dotabuff.com/heroes/troll-warlord
Ursa,https://es.dotabuff.com/assets/heroes/ursa.jpg,https://es.dotabuff.com/heroes/ursa
Viper,https://es.dotabuff.com/assets/heroes/viper.jpg,https://es.dotabuff.com/heroes/viper
Weaver,https://es.dotabuff.com/assets/heroes/weaver.jpg,https://es.dotabuff.com/heroes/weaver
Ancient Apparition,https://es.dotabuff.com/assets/heroes/ancient-apparition.jpg,https://es.dotabuff.com/heroes/ancient-apparition
Crystal Maiden,https://es.dotabuff.com/assets/heroes/crystal-maiden.jpg,https://es.dotabuff.com/heroes/crystal-maiden
Death Prophet,https://es.dotabuff.com/assets/heroes/death-prophet.jpg,https://es.dotabuff.com/heroes/death-prophet
Disruptor,https://es.dotabuff.com/assets/heroes/disruptor.jpg,https://es.dotabuff.com/heroes/disruptor
Enchantress,https://es.dotabuff.com/assets/heroes/enchantress.jpg,https://es.dotabuff.com/heroes/enchantress
Grimstroke,https://es.dotabuff.com/assets/heroes/grimstroke.jpg,https://es.dotabuff.com/heroes/grimstroke
Jakiro,https://es.dotabuff.com/assets/heroes/jakiro.jpg,https://es.dotabuff.com/heroes/jakiro
Keeper Of The Light,https://es.dotabuff.com/assets/heroes/keeper-of-the-light.jpg,https://es.dotabuff.com/heroes/keeper-of-the-light
Leshrac,https://es.dotabuff.com/assets/heroes/leshrac.jpg,https://es.dotabuff.com/heroes/leshrac
Lich,https://es.dotabuff.com/assets/heroes/lich.jpg,https://es.dotabuff.com/heroes/lich
Lina,https://es.dotabuff.com/assets/heroes/lina.jpg,https://es.dotabuff.com/heroes/lina
Lion,https://es.dotabuff.com/assets/heroes/lion.jpg,https://es.dotabuff.com/heroes/lion
Muerta,https://es.dotabuff.com/assets/heroes/muerta.jpg,https://es.dotabuff.com/heroes/muerta
Natures Prophet,https://es.dotabuff.com/assets/heroes/natures-prophet.jpg,https://es.dotabuff.com/heroes/natures-prophet
Necrophos,https://es.dotabuff.com/assets/heroes/necrophos.jpg,https://es.dotabuff.com/heroes/necrophos
Oracle,https://es.dotabuff.com/assets/heroes/oracle.jpg,https://es.dotabuff.com/heroes/oracle
Outworld Destroyer,https://es.dotabuff.com/assets/heroes/outworld-destroyer.jpg,https://es.dotabuff.com/heroes/outworld-destroyer
Puck,https://es.dotabuff.com/assets/heroes/puck.jpg,https://es.dotabuff.com/heroes/puck
Pugna,https://es.dotabuff.com/assets/heroes/pugna.jpg,https://es.dotabuff.com/heroes/pugna
Queen Of Pain,https://es.dotabuff.com/assets/heroes/queen-of-pain.jpg,https://es.dotabuff.com/heroes/queen-of-pain
Ringmaster,https://es.dotabuff.com/assets/heroes/ringmaster.jpg,https://es.dotabuff.com/heroes/ringmaster
Rubick,https://es.dotabuff.com/assets/heroes/rubick.jpg,https://es.dotabuff.com/heroes/rubick
Shadow Demon,https://es.dotabuff.com/assets/heroes/shadow-demon.jpg,https://es.dotabuff.com/heroes/shadow-demon
Shadow Shaman,https://es.dotabuff.com/assets/heroes/shadow-shaman.jpg,https://es.dotabuff.com/heroes/shadow-shaman
Silencer,https://es.dotabuff.com/assets/heroes/silencer.jpg,https://es.dotabuff.com/heroes/silencer
Skywrath Mage,https://es.dotabuff.com/assets/heroes/skywrath-mage.jpg,https://es.dotabuff.com/heroes/skywrath-mage
Storm Spirit,https://es.dotabuff.com/assets/heroes/storm-spirit.jpg,https://es.dotabuff.com/heroes/storm-spirit
Tinker,https://es.dotabuff.com/assets/heroes/tinker.jpg,https://es.dotabuff.com/heroes/tinker
Warlock,https://es.dotabuff.com/assets/heroes/warlock.jpg,https://es.dotabuff.com/heroes/warlock
Witch Doctor,https://es.dotabuff.com/assets/heroes/witch-doctor.jpg,https://es.dotabuff.com/heroes/witch-doctor
Zeus,https://es.dotabuff.com/assets/heroes/zeus.jpg,https://es.dotabuff.com/heroes/zeus
Abaddon,https://es.dotabuff.com/assets/heroes/abaddon.jpg,https://es.dotabuff.com/heroes/abaddon
Bane,https://es.dotabuff.com/assets/heroes/bane.jpg,https://es.dotabuff.com/heroes/bane
Batrider,https://es.dotabuff.com/assets/heroes/batrider.jpg,https://es.dotabuff.com/heroes/batrider
Beastmaster,https://es.dotabuff.com/assets/heroes/beastmaster.jpg,https://es.dotabuff.com/heroes/beastmaster
Brewmaster,https://es.dotabuff.com/assets/heroes/brewmaster.jpg,https://es.dotabuff.com/heroes/brewmaster
Broodmother,https://es.dotabuff.com/assets/heroes/broodmother.jpg,https://es.dotabuff.com/heroes/broodmother
Chen,https://es.dotabuff.com/assets/heroes/chen.jpg,https://es.dotabuff.com/heroes/chen
Clockwerk,https://es.dotabuff.com/assets/heroes/clockwerk.jpg,https://es.dotabuff.com/heroes/clockwerk
Dark Seer,https://es.dotabuff.com/assets/heroes/dark-seer.jpg,https://es.dotabuff.com/heroes/dark-seer
Dark Willow,https://es.dotabuff.com/assets/heroes/dark-willow.jpg,https://es.dotabuff.com/heroes/dark-willow
Dazzle,https://es.dotabuff.com/assets/heroes/dazzle.jpg,https://es.dotabuff.com/heroes/dazzle
Enigma,https://es.dotabuff.com/assets/heroes/enigma.jpg,https://es.dotabuff.com/heroes/enigma
Invoker,https://es.dotabuff.com/assets/heroes/invoker.jpg,https://es.dotabuff.com/heroes/invoker
Io,https://es.dotabuff.com/assets/heroes/io.jpg,https://es.dotabuff.com/heroes/io
Lone Druid,https://es.dotabuff.com/assets/heroes/lone-druid.jpg,https://es.dotabuff.com/heroes/lone-druid
Lycan,https://es.dotabuff.com/assets/heroes/lycan.jpg,https://es.dotabuff.com/heroes/lycan
Magnus,https://es.dotabuff.com/assets/heroes/magnus.jpg,https://es.dotabuff.com/heroes/magnus
Marci,https://es.dotabuff.com/assets/heroes/marci.jpg,https://es.dotabuff.com/heroes/marci
Mirana,https://es.dotabuff.com/assets/heroes/mirana.jpg,https://es.dotabuff.com/heroes/mirana
Nyx Assassin,https://es.dotabuff.com/assets/heroes/nyx-assassin.jpg,https://es.dotabuff.com/heroes/nyx-assassin
Pangolier,https://es.dotabuff.com/assets/heroes/pangolier.jpg,https://es.dotabuff.com/heroes/pangolier
Phoenix,https://es.dotabuff.com/assets/heroes/phoenix.jpg,https://es.dotabuff.com/heroes/phoenix
Sand King,https://es.dotabuff.com/assets/heroes/sand-king.jpg,https://es.dotabuff.com/heroes/sand-king
Snapfire,https://es.dotabuff.com/assets/heroes/snapfire.jpg,https://es.dotabuff.com/heroes/snapfire
Techies,https://es.dotabuff.com/assets/heroes/techies.jpg,https://es.dotabuff.com/heroes/techies
Vengeful Spirit,https://es.dotabuff.com/assets/heroes/vengeful-spirit.jpg,https://es.dotabuff.com/heroes/vengeful-spirit
Venomancer,https://es.dotabuff.com/assets/heroes/venomancer.jpg,https://es.dotabuff.com/heroes/venomancer
Visage,https://es.dotabuff.com/assets/heroes/visage.jpg,https://es.dotabuff.com/heroes/visage
Void Spirit,https://es.dotabuff.com/assets/heroes/void-spirit.jpg,https://es.dotabuff.com/heroes/void-spirit
Windranger,https://es.dotabuff.com/assets/heroes/windranger.jpg,https://es.dotabuff.com/heroes/windranger
Winter Wyvern,https://es.dotabuff.com/assets/heroes/winter-wyvern.jpg,https://es.dotabuff.com/heroes/winter-wyvern
