Nombre,Atributo,Imagen,Pagina
Abaddon,https://cdn.akamai.steamstatic.com/apps/dota2/images/dota_react/icons/hero_universal.png,https://cdn.akamai.steamstatic.com/apps/dota2/images/dota_react/heroes/abaddon.png,https://www.dota2.com/hero/abaddon
Alchemist,https://cdn.akamai.steamstatic.com/apps/dota2/images/dota_react/icons/hero_strength.png,https://cdn.akamai.steamstatic.com/apps/dota2/images/dota_react/heroes/alchemist.png,https://www.dota2.com/hero/alchemist
Ancient Apparition,https://cdn.akamai.steamstatic.com/apps/dota2/images/dota_react/icons/hero_intelligence.png,https://cdn.akamai.steamstatic.com/apps/dota2/images/dota_react/heroes/ancient_apparition.png,https://www.dota2.com/hero/ancientapparition
Anti-Mage,https://cdn.akamai.steamstatic.com/apps/dota2/images/dota_react/icons/hero_agility.png,https://cdn.akamai.steamstatic.com/apps/dota2/images/dota_react/heroes/antimage.png,https://www.dota2.com/hero/anti-mage
Arc Warden,https://cdn.akamai.steamstatic.com/apps/dota2/images/dota_react/icons/hero_universal.png,https://cdn.akamai.steamstatic.com/apps/dota2/images/dota_react/heroes/arc_warden.png,https://www.dota2.com/hero/arcwarden
Axe,https://cdn.akamai.steamstatic.com/apps/dota2/images/dota_react/icons/hero_strength.png,https://cdn.akamai.steamstatic.com/apps/dota2/images/dota_react/heroes/axe.png,https://www.dota2.com/hero/axe
Bane,https://cdn.akamai.steamstatic.com/apps/dota2/images/dota_react/icons/hero_universal.png,https://cdn.akamai.steamstatic.com/apps/dota2/images/dota_react/heroes/bane.png,https://www.dota2.com/hero/bane
Batrider,https://cdn.akamai.steamstatic.com/apps/dota2/images/dota_react/icons/hero_universal.png,https://cdn.akamai.steamstatic.com/apps/dota2/images/dota_react/heroes/batrider.png,https://www.dota2.com/hero/batrider
Beastmaster,https://cdn.akamai.steamstatic.com/apps/dota2/images/dota_react/icons/hero_universal.png,https://cdn.akamai.steamstatic.com/apps/dota2/images/dota_react/heroes/beastmaster.png,https://www.dota2.com/hero/beastmaster
Bloodseeker,https://cdn.akamai.steamstatic.com/apps/dota2/images/dota_react/icons/hero_agility.png,https://cdn.akamai.steamstatic.com/apps/dota2/images/dota_react/heroes/bloodseeker.png,https://www.dota2.com/hero/bloodseeker
Bounty Hunter,https://cdn.akamai.steamstatic.com/apps/dota2/images/dota_react/icons/hero_agility.png,https://cdn.akamai.steamstatic.com/apps/dota2/images/dota_react/heroes/bounty_hunter.png,https://www.dota2.com/hero/bountyhunter
Brewmaster,https://cdn.akamai.steamstatic.com/apps/dota2/images/dota_react/icons/hero_universal.png,https://cdn.akamai.steamstatic.com/apps/dota2/images/dota_react/heroes/brewmaster.png,https://www.dota2.com/hero/brewmaster
Bristleback,https://cdn.akamai.steamstatic.com/apps/dota2/images/dota_react/icons/hero_strength.png,https://cdn.akamai.steamstatic.com/apps/dota2/images/dota_react/heroes/bristleback.png,https://www.dota2.com/hero/bristleback
Broodmother,https://cdn.akamai.steamstatic.com/apps/dota2/images/dota_react/icons/hero_agility.png,https://cdn.akamai.steamstatic.com/apps/dota2/images/dota_react/heroes/broodmother.png,https://www.dota2.com/hero/broodmother
Centaur Warrunner,https://cdn.akamai.steamstatic.com/apps/dota2/images/dota_react/icons/hero_strength.png,https://cdn.akamai.steamstatic.com/apps/dota2/images/dota_react/heroes/centaur.png,https://www.dota2.com/hero/centaurwarrunner
Chaos Knight,https://cdn.akamai.steamstatic.com/apps/dota2/images/dota_react/icons/hero_strength.png,https://cdn.akamai.steamstatic.com/apps/dota2/images/dota_react/heroes/chaos_knight.png,https://www.dota2.com/hero/chaosknight
Chen,https://cdn.akamai.steamstatic.com/apps/dota2/images/dota_react/icons/hero_intelligence.png,https://cdn.akamai.steamstatic.com/apps/dota2/images/dota_react/heroes/chen.png,https://www.dota2.com/hero/chen
Clinkz,https://cdn.akamai.steamstatic.com/apps/dota2/images/dota_react/icons/hero_agility.png,https://cdn.akamai.steamstatic.com/apps/dota2/images/dota_react/heroes/clinkz.png,https://www.dota2.com/hero/clinkz
Clockwerk,https://cdn.akamai.steamstatic.com/apps/dota2/images/dota_react/icons/hero_strength.png,https://cdn.akamai.steamstatic.com/apps/dota2/images/dota_react/heroes/rattletrap.png,https://www.dota2.com/hero/clockwerk
Crystal Maiden,https://cdn.akamai.steamstatic.com/apps/dota2/images/dota_react/icons/hero_intelligence.png,https://cdn.akamai.steamstatic.com/apps/dota2/images/dota_react/heroes/crystal_maiden.png,https://www.dota2.com/hero/crystalmaiden
Dark Seer,https://cdn.akamai.steamstatic.com/apps/dota2/images/dota_react/icons/hero_intelligence.png,https://cdn.akamai.steamstatic.com/apps/dota2/images/dota_react/heroes/dark_seer.png,https://www.dota2.com/hero/darkseer
Dark Willow,https://cdn.akamai.steamstatic.com/apps/dota2/images/dota_react/icons/hero_intelligence.png,https://cdn.akamai.steamstatic.com/apps/dota2/images/dota_react/heroes/dark_willow.png,https://www.dota2.com/hero/darkwillow
Dawnbreaker,https://cdn.akamai.steamstatic.com/apps/dota2/images/dota_react/icons/hero_strength.png,https://cdn.akamai.steamstatic.com/apps/dota2/images/dota_react/heroes/dawnbreaker.png,https://www.dota2.com/hero/dawnbreaker
Dazzle,https://cdn.akamai.steamstatic.com/apps/dota2/images/dota_react/icons/hero_universal.png,https://cdn.akamai.steamstatic.com/apps/dota2/images/dota_react/heroes/dazzle.png,https://www.dota2.com/hero/dazzle
Death Prophet,https://cdn.akamai.steamstatic.com/apps/dota2/images/dota_react/icons/hero_universal.png,https://cdn.akamai.steamstatic.com/apps/dota2/images/dota_react/heroes/death_prophet.png,https://www.dota2.com/hero/deathprophet
Disruptor,https://cdn.akamai.steamstatic.com/apps/dota2/images/dota_react/icons/hero_intelligence.png,https://cdn.akamai.steamstatic.com/apps/dota2/images/dota_react/heroes/disruptor.png,https://www.dota2.com/hero/disruptor
Doom,https://cdn.akamai.steamstatic.com/apps/dota2/images/dota_react/icons/hero_strength.png,https://cdn.akamai.steamstatic.com/apps/dota2/images/dota_react/heroes/doom_bringer.png,https://www.dota2.com/hero/doom
Dragon Knight,https://cdn.akamai.steamstatic.com/apps/dota2/images/dota_react/icons/hero_strength.png,https://cdn.akamai.steamstatic.com/apps/dota2/images/dota_react/heroes/dragon_knight.png,https://www.dota2.com/hero/dragonknight
Drow Ranger,https://cdn.akamai.steamstatic.com/apps/dota2/images/dota_react/icons/hero_agility.png,https://cdn.akamai.steamstatic.com/apps/dota2/images/dota_react/heroes/drow_ranger.png,https://www.dota2.com/hero/drowranger
Earth Spirit,https://cdn.akamai.steamstatic.com/apps/dota2/images/dota_react/icons/hero_strength.png,https://cdn.akamai.steamstatic.com/apps/dota2/images/dota_react/heroes/earth_spirit.png,https://www.dota2.com/hero/earthspirit
Earthshaker,https://cdn.akamai.steamstatic.com/apps/dota2/images/dota_react/icons/hero_strength.png,https://cdn.akamai.steamstatic.com/apps/dota2/images/dota_react/heroes/earthshaker.png,https://www.dota2.com/hero/earthshaker
Elder Titan,https://cdn.akamai.steamstatic.com/apps/dota2/images/dota_react/icons/hero_strength.png,https://cdn.akamai.steamstatic.com/apps/dota2/images/dota_react/heroes/elder_titan.png,https://www.dota2.com/hero/eldertitan
Ember Spirit,https://cdn.akamai.steamstatic.com/apps/dota2/images/dota_react/icons/hero_agility.png,https://cdn.akamai.steamstatic.com/apps/dota2/images/dota_react/heroes/ember_spirit.png,https://www.dota2.com/hero/emberspirit
Enchantress,https://cdn.akamai.steamstatic.com/apps/dota2/images/dota_react/icons/hero_intelligence.png,https://cdn.akamai.steamstatic.com/apps/dota2/images/dota_react/heroes/enchantress.png,https://www.dota2.com/hero/enchantress
Enigma,https://cdn.akamai.steamstatic.com/apps/dota2/images/dota_react/icons/hero_universal.png,https://cdn.akamai.steamstatic.com/apps/dota2/images/dota_react/heroes/enigma.png,https://www.dota2.com/hero/enigma
Faceless Void,https://cdn.akamai.steamstatic.com/apps/dota2/images/dota_react/icons/hero_agility.png,https://cdn.akamai.steamstatic.com/apps/dota2/images/dota_react/heroes/faceless_void.png,https://www.dota2.com/hero/facelessvoid
Grimstroke,https://cdn.akamai.steamstatic.com/apps/dota2/images/dota_react/icons/hero_intelligence.png,https://cdn.akamai.steamstatic.com/apps/dota2/images/dota_react/heroes/grimstroke.png,https://www.dota2.com/hero/grimstroke
Gyrocopter,https://cdn.akamai.steamstatic.com/apps/dota2/images/dota_react/icons/hero_agility.png,https://cdn.akamai.steamstatic.com/apps/dota2/images/dota_react/heroes/gyrocopter.png,https://www.dota2.com/hero/gyrocopter
Hoodwink,https://cdn.akamai.steamstatic.com/apps/dota2/images/dota_react/icons/hero_agility.png,https://cdn.akamai.steamstatic.com/apps/dota2/images/dota_react/heroes/hoodwink.png,https://www.dota2.com/hero/hoodwink
Huskar,https://cdn.akamai.steamstatic.com/apps/dota2/images/dota_react/icons/hero_strength.png,https://cdn.akamai.steamstatic.com/apps/dota2/images/dota_react/heroes/huskar.png,https://www.dota2.com/hero/huskar
Invoker,https://cdn.akamai.steamstatic.com/apps/dota2/images/dota_react/icons/hero_intelligence.png,https://cdn.akamai.steamstatic.com/apps/dota2/images/dota_react/heroes/invoker.png,https://www.dota2.com/hero/invoker
Io,https://cdn.akamai.steamstatic.com/apps/dota2/images/dota_react/icons/hero_universal.png,https://cdn.akamai.steamstatic.com/apps/dota2/images/dota_react/heroes/wisp.png,https://www.dota2.com/hero/io
Jakiro,https://cdn.akamai.steamstatic.com/apps/dota2/images/dota_react/icons/hero_intelligence.png,https://cdn.akamai.steamstatic.com/apps/dota2/images/dota_react/heroes/jakiro.png,https://www.dota2.com/hero/jakiro
Juggernaut,https://cdn.akamai.steamstatic.com/apps/dota2/images/dota_react/icons/hero_agility.png,https://cdn.akamai.steamstatic.com/apps/dota2/images/dota_react/heroes/juggernaut.png,https://www.dota2.com/hero/juggernaut
Keeper of the Light,https://cdn.akamai.steamstatic.com/apps/dota2/images/dota_react/icons/hero_intelligence.png,https://cdn.akamai.steamstatic.com/apps/dota2/images/dota_react/heroes/keeper_of_the_light.png,https://www.dota2.com/hero/keeperofthelight
Kez,https://cdn.akamai.steamstatic.com/apps/dota2/images/dota_react/icons/hero_agility.png,https://cdn.akamai.steamstatic.com/apps/dota2/images/dota_react/heroes/kez.png,https://www.dota2.com/hero/kez
Kunkka,https://cdn.akamai.steamstatic.com/apps/dota2/images/dota_react/icons/hero_strength.png,https://cdn.akamai.steamstatic.com/apps/dota2/images/dota_react/heroes/kunkka.png,https://www.dota2.com/hero/kunkka
Legion Commander,https://cdn.akamai.steamstatic.com/apps/dota2/images/dota_react/icons/hero_strength.png,https://cdn.akamai.steamstatic.com/apps/dota2/images/dota_react/heroes/legion_commander.png,https://www.dota2.com/hero/legioncommander
Leshrac,https://cdn.akamai.steamstatic.com/apps/dota2/images/dota_react/icons/hero_intelligence.png,https://cdn.akamai.steamstatic.com/apps/dota2/images/dota_react/heroes/leshrac.png,https://www.dota2.com/hero/leshrac
Lich,https://cdn.akamai.steamstatic.com/apps/dota2/images/dota_react/icons/hero_intelligence.png,https://cdn.akamai.steamstatic.com/apps/dota2/images/dota_react/heroes/lich.png,https://www.dota2.com/hero/lich
Lifestealer,https://cdn.akamai.steamstatic.com/apps/dota2/images/dota_react/icons/hero_strength.png,https://cdn.akamai.steamstatic.com/apps/dota2/images/dota_react/heroes/life_stealer.png,https://www.dota2.com/hero/lifestealer
Lina,https://cdn.akamai.steamstatic.com/apps/dota2/images/dota_react/icons/hero_intelligence.png,https://cdn.akamai.steamstatic.com/apps/dota2/images/dota_react/heroes/lina.png,https://www.dota2.com/hero/lina
Lion,https://cdn.akamai.steamstatic.com/apps/dota2/images/dota_react/icons/hero_intelligence.png,https://cdn.akamai.steamstatic.com/apps/dota2/images/dota_react/heroes/lion.png,https://www.dota2.com/hero/lion
Lone Druid,https://cdn.akamai.steamstatic.com/apps/dota2/images/dota_react/icons/hero_agility.png,https://cdn.akamai.steamstatic.com/apps/dota2/images/dota_react/heroes/lone_druid.png,https://www.dota2.com/hero/lonedruid
Luna,https://cdn.akamai.steamstatic.com/apps/dota2/images/dota_react/icons/hero_agility.png,https://cdn.akamai.steamstatic.com/apps/dota2/images/dota_react/heroes/luna.png,https://www.dota2.com/hero/luna
Lycan,https://cdn.akamai.steamstatic.com/apps/dota2/images/dota_react/icons/hero_strength.png,https://cdn.akamai.steamstatic.com/apps/dota2/images/dota_react/heroes/lycan.png,https://www.dota2.com/hero/lycan
Magnus,https://cdn.akamai.steamstatic.com/apps/dota2/images/dota_react/icons/hero_universal.png,https://cdn.akamai.steamstatic.com/apps/dota2/images/dota_react/heroes/magnataur.png,https://www.dota2.com/hero/magnus
Marci,https://cdn.akamai.steamstatic.com/apps/dota2/images/dota_react/icons/hero_universal.png,https://cdn.akamai.steamstatic.com/apps/dota2/images/dota_react/heroes/marci.png,https://www.dota2.com/hero/marci
Mars,https://cdn.akamai.steamstatic.com/apps/dota2/images/dota_react/icons/hero_strength.png,https://cdn.akamai.steamstatic.com/apps/dota2/images/dota_react/heroes/mars.png,https://www.dota2.com/hero/mars
Medusa,https://cdn.akamai.steamstatic.com/apps/dota2/images/dota_react/icons/hero_agility.png,https://cdn.akamai.steamstatic.com/apps/dota2/images/dota_react/heroes/medusa.png,https://www.dota2.com/hero/medusa
Meepo,https://cdn.akamai.steamstatic.com/apps/dota2/images/dota_react/icons/hero_agility.png,https://cdn.akamai.steamstatic.com/apps/dota2/images/dota_react/heroes/meepo.png,https://www.dota2.com/hero/meepo
Mirana,https://cdn.akamai.steamstatic.com/apps/dota2/images/dota_react/icons/hero_agility.png,https://cdn.akamai.steamstatic.com/apps/dota2/images/dota_react/heroes/mirana.png,https://www.dota2.com/hero/mirana
Monkey King,https://cdn.akamai.steamstatic.com/apps/dota2/images/dota_react/icons/hero_agility.png,https://cdn.akamai.steamstatic.com/apps/dota2/images/dota_react/heroes/monkey_king.png,https://www.dota2.com/hero/monkeyking
Morphling,https://cdn.akamai.steamstatic.com/apps/dota2/images/dota_react/icons/hero_agility.png,https://cdn.akamai.steamstatic.com/apps/dota2/images/dota_react/heroes/morphling.png,https://www.dota2.com/hero/morphling
Muerta,https://cdn.akamai.steamstatic.com/apps/dota2/images/dota_react/icons/hero_intelligence.png,https://cdn.akamai.steamstatic.com/apps/dota2/images/dota_react/heroes/muerta.png,https://www.dota2.com/hero/muerta
Naga Siren,https://cdn.akamai.steamstatic.com/apps/dota2/images/dota_react/icons/hero_agility.png,https://cdn.akamai.steamstatic.com/apps/dota2/images/dota_react/heroes/naga_siren.png,https://www.dota2.com/hero/nagasiren
Nature's Prophet,https://cdn.akamai.steamstatic.com/apps/dota2/images/dota_react/icons/hero_universal.png,https://cdn.akamai.steamstatic.com/apps/dota2/images/dota_react/heroes/furion.png,https://www.dota2.com/hero/nature'sprophet
Necrophos,https://cdn.akamai.steamstatic.com/apps/dota2/images/dota_react/icons/hero_intelligence.png,https://cdn.akamai.steamstatic.com/apps/dota2/images/dota_react/heroes/necrolyte.png,https://www.dota2.com/hero/necrophos
Night Stalker,https://cdn.akamai.steamstatic.com/apps/dota2/images/dota_react/icons/hero_strength.png,https://cdn.akamai.steamstatic.com/apps/dota2/images/dota_react/heroes/night_stalker.png,https://www.dota2.com/hero/nightstalker
Nyx Assassin,https://cdn.akamai.steamstatic.com/apps/dota2/images/dota_react/icons/hero_universal.png,https://cdn.akamai.steamstatic.com/apps/dota2/images/dota_react/heroes/nyx_assassin.png,https://www.dota2.com/hero/nyxassassin
Ogre Magi,https://cdn.akamai.steamstatic.com/apps/dota2/images/dota_react/icons/hero_strength.png,https://cdn.akamai.steamstatic.com/apps/dota2/images/dota_react/heroes/ogre_magi.png,https://www.dota2.com/hero/ogremagi
Omniknight,https://cdn.akamai.steamstatic.com/apps/dota2/images/dota_react/icons/hero_strength.png,https://cdn.akamai.steamstatic.com/apps/dota2/images/dota_react/heroes/omniknight.png,https://www.dota2.com/hero/omniknight
Oracle,https://cdn.akamai.steamstatic.com/apps/dota2/images/dota_react/icons/hero_intelligence.png,https://cdn.akamai.steamstatic.com/apps/dota2/images/dota_react/heroes/oracle.png,https://www.dota2.com/hero/oracle
Outworld Destroyer,https://cdn.akamai.steamstatic.com/apps/dota2/images/dota_react/icons/hero_intelligence.png,https://cdn.akamai.steamstatic.com/apps/dota2/images/dota_react/heroes/obsidian_destroyer.png,https://www.dota2.com/hero/outworlddestroyer
Pangolier,https://cdn.akamai.steamstatic.com/apps/dota2/images/dota_react/icons/hero_universal.png,https://cdn.akamai.steamstatic.com/apps/dota2/images/dota_react/heroes/pangolier.png,https://www.dota2.com/hero/pangolier
Phantom Assassin,https://cdn.akamai.steamstatic.com/apps/dota2/images/dota_react/icons/hero_agility.png,https://cdn.akamai.steamstatic.com/apps/dota2/images/dota_react/heroes/phantom_assassin.png,https://www.dota2.com/hero/phantomassassin
Phantom Lancer,https://cdn.akamai.steamstatic.com/apps/dota2/images/dota_react/icons/hero_agility.png,https://cdn.akamai.steamstatic.com/apps/dota2/images/dota_react/heroes/phantom_lancer.png,https://www.dota2.com/hero/phantomlancer
Phoenix,https://cdn.akamai.steamstatic.com/apps/dota2/images/dota_react/icons/hero_strength.png,https://cdn.akamai.steamstatic.com/apps/dota2/images/dota_react/heroes/phoenix.png,https://www.dota2.com/hero/phoenix
Primal Beast,https://cdn.akamai.steamstatic.com/apps/dota2/images/dota_react/icons/hero_strength.png,https://cdn.akamai.steamstatic.com/apps/dota2/images/dota_react/heroes/primal_beast.png,https://www.dota2.com/hero/primalbeast
Puck,https://cdn.akamai.steamstatic.com/apps/dota2/images/dota_react/icons/hero_intelligence.png,https://cdn.akamai.steamstatic.com/apps/dota2/images/dota_react/heroes/puck.png,https://www.dota2.com/hero/puck
Pudge,https://cdn.akamai.steamstatic.com/apps/dota2/images/dota_react/icons/hero_strength.png,https://cdn.akamai.steamstatic.com/apps/dota2/images/dota_react/heroes/pudge.png,https://www.dota2.com/hero/pudge
Pugna,https://cdn.akamai.steamstatic.com/apps/dota2/images/dota_react/icons/hero_intelligence.png,https://cdn.akamai.steamstatic.com/apps/dota2/images/dota_react/heroes/pugna.png,https://www.dota2.com/hero/pugna
Queen of Pain,https://cdn.akamai.steamstatic.com/apps/dota2/images/dota_react/icons/hero_intelligence.png,https://cdn.akamai.steamstatic.com/apps/dota2/images/dota_react/heroes/queenofpain.png,https://www.dota2.com/hero/queenofpain
Razor,https://cdn.akamai.steamstatic.com/apps/dota2/images/dota_react/icons/hero_agility.png,https://cdn.akamai.steamstatic.com/apps/dota2/images/dota_react/heroes/razor.png,https://www.dota2.com/hero/razor
Riki,https://cdn.akamai.steamstatic.com/apps/dota2/images/dota_react/icons/hero_agility.png,https://cdn.akamai.steamstatic.com/apps/dota2/images/dota_react/heroes/riki.png,https://www.dota2.com/hero/riki
Ringmaster,https://cdn.akamai.steamstatic.com/apps/dota2/images/dota_react/icons/hero_intelligence.png,https://cdn.akamai.steamstatic.com/apps/dota2/images/dota_react/heroes/ringmaster.png,https://www.dota2.com/hero/ringmaster
Rubick,https://cdn.akamai.steamstatic.com/apps/dota2/images/dota_react/icons/hero_intelligence.png,https://cdn.akamai.steamstatic.com/apps/dota2/images/dota_react/heroes/rubick.png,https://www.dota2.com/hero/rubick
Sand King,https://cdn.akamai.steamstatic.com/apps/dota2/images/dota_react/icons/hero_universal.png,https://cdn.akamai.steamstatic.com/apps/dota2/images/dota_react/heroes/sand_king.png,https://www.dota2.com/hero/sandking
Shadow Demon,https://cdn.akamai.steamstatic.com/apps/dota2/images/dota_react/icons/hero_intelligence.png,https://cdn.akamai.steamstatic.com/apps/dota2/images/dota_react/heroes/shadow_demon.png,https://www.dota2.com/hero/shadowdemon
Shadow Fiend,https://cdn.akamai.steamstatic.com/apps/dota2/images/dota_react/icons/hero_agility.png,https://cdn.akamai.steamstatic.com/apps/dota2/images/dota_react/heroes/nevermore.png,https://www.dota2.com/hero/shadowfiend
Shadow Shaman,https://cdn.akamai.steamstatic.com/apps/dota2/images/dota_react/icons/hero_intelligence.png,https://cdn.akamai.steamstatic.com/apps/dota2/images/dota_react/heroes/shadow_shaman.png,https://www.dota2.com/hero/shadowshaman
Silencer,https://cdn.akamai.steamstatic.com/apps/dota2/images/dota_react/icons/hero_intelligence.png,https://cdn.akamai.steamstatic.com/apps/dota2/images/dota_react/heroes/silencer.png,https://www.dota2.com/hero/silencer
Skywrath Mage,https://cdn.akamai.steamstatic.com/apps/dota2/images/dota_react/icons/hero_intelligence.png,https://cdn.akamai.steamstatic.com/apps/dota2/images/dota_react/heroes/skywrath_mage.png,https://www.dota2.com/hero/skywrathmage
Slardar,https://cdn.akamai.steamstatic.com/apps/dota2/images/dota_react/icons/hero_strength.png,https://cdn.akamai.steamstatic.com/apps/dota2/images/dota_react/heroes/slardar.png,https://www.dota2.com/hero/slardar
Slark,https://cdn.akamai.steamstatic.com/apps/dota2/images/dota_react/icons/hero_agility.png,https://cdn.akamai.steamstatic.com/apps/dota2/images/dota_react/heroes/slark.png,https://www.dota2.com/hero/slark
Snapfire,https://cdn.akamai.steamstatic.com/apps/dota2/images/dota_react/icons/hero_universal.png,https://cdn.akamai.steamstatic.com/apps/dota2/images/dota_react/heroes/snapfire.png,https://www.dota2.com/hero/snapfire
Sniper,https://cdn.akamai.steamstatic.com/apps/dota2/images/dota_react/icons/hero_agility.png,https://cdn.akamai.steamstatic.com/apps/dota2/images/dota_react/heroes/sniper.png,https://www.dota2.com/hero/sniper
Spectre,https://cdn.akamai.steamstatic.com/apps/dota2/images/dota_react/icons/hero_universal.png,https://cdn.akamai.steamstatic.com/apps/dota2/images/dota_react/heroes/spectre.png,https://www.dota2.com/hero/spectre
Spirit Breaker,https://cdn.akamai.steamstatic.com/apps/dota2/images/dota_react/icons/hero_strength.png,https://cdn.akamai.steamstatic.com/apps/dota2/images/dota_react/heroes/spirit_breaker.png,https://www.dota2.com/hero/spiritbreaker
Storm Spirit,https://cdn.akamai.steamstatic.com/apps/dota2/images/dota_react/icons/hero_intelligence.png,https://cdn.akamai.steamstatic.com/apps/dota2/images/dota_react/heroes/storm_spirit.png,https://www.dota2.com/hero/stormspirit
Sven,https://cdn.akamai.steamstatic.com/apps/dota2/images/dota_react/icons/hero_strength.png,https://cdn.akamai.steamstatic.com/apps/dota2/images/dota_react/heroes/sven.png,https://www.dota2.com/hero/sven
Techies,https://cdn.akamai.steamstatic.com/apps/dota2/images/dota_react/icons/hero_universal.png,https://cdn.akamai.steamstatic.com/apps/dota2/images/dota_react/heroes/techies.png,https://www.dota2.com/hero/techies
Templar Assassin,https://cdn.akamai.steamstatic.com/apps/dota2/images/dota_react/icons/hero_agility.png,https://cdn.akamai.steamstatic.com/apps/dota2/images/dota_react/heroes/templar_assassin.png,https://www.dota2.com/hero/templarassassin
Terrorblade,https://cdn.akamai.steamstatic.com/apps/dota2/images/dota_react/icons/hero_agility.png,https://cdn.akamai.steamstatic.com/apps/dota2/images/dota_react/heroes/terrorblade.png,https://www.dota2.com/hero/terrorblade
Tidehunter,https://cdn.akamai.steamstatic.com/apps/dota2/images/dota_react/icons/hero_strength.png,https://cdn.akamai.steamstatic.com/apps/dota2/images/dota_react/heroes/tidehunter.png,https://www.dota2.com/hero/tidehunter
Timbersaw,https://cdn.akamai.steamstatic.com/apps/dota2/images/dota_react/icons/hero_strength.png,https://cdn.akamai.steamstatic.com/apps/dota2/images/dota_react/heroes/shredder.png,https://www.dota2.com/hero/timbersaw
Tinker,https://cdn.akamai.steamstatic.com/apps/dota2/images/dota_react/icons/hero_intelligence.png,https://cdn.akamai.steamstatic.com/apps/dota2/images/dota_react/heroes/tinker.png,https://www.dota2.com/hero/tinker
Tiny,https://cdn.akamai.steamstatic.com/apps/dota2/images/dota_react/icons/hero_strength.png,https://cdn.akamai.steamstatic.com/apps/dota2/images/dota_react/heroes/tiny.png,https://www.dota2.com/hero/tiny
Treant Protector,https://cdn.akamai.steamstatic.com/apps/dota2/images/dota_react/icons/hero_strength.png,https://cdn.akamai.steamstatic.com/apps/dota2/images/dota_react/heroes/treant.png,https://www.dota2.com/hero/treantprotector
Troll Warlord,https://cdn.akamai.steamstatic.com/apps/dota2/images/dota_react/icons/hero_agility.png,https://cdn.akamai.steamstatic.com/apps/dota2/images/dota_react/heroes/troll_warlord.png,https://www.dota2.com/hero/trollwarlord
Tusk,https://cdn.akamai.steamstatic.com/apps/dota2/images/dota_react/icons/hero_strength.png,https://cdn.akamai.steamstatic.com/apps/dota2/images/dota_react/heroes/tusk.png,https://www.dota2.com/hero/tusk
Underlord,https://cdn.akamai.steamstatic.com/apps/dota2/images/dota_react/icons/hero_strength.png,https://cdn.akamai.steamstatic.com/apps/dota2/images/dota_react/heroes/abyssal_underlord.png,https://www.dota2.com/hero/underlord
Undying,https://cdn.akamai.steamstatic.com/apps/dota2/images/dota_react/icons/hero_strength.png,https://cdn.akamai.steamstatic.com/apps/dota2/images/dota_react/heroes/undying.png,https://www.dota2.com/hero/undying
Ursa,https://cdn.akamai.steamstatic.com/apps/dota2/images/dota_react/icons/hero_agility.png,https://cdn.akamai.steamstatic.com/apps/dota2/images/dota_react/heroes/ursa.png,https://www.dota2.com/hero/ursa
Vengeful Spirit,https://cdn.akamai.steamstatic.com/apps/dota2/images/dota_react/icons/hero_agility.png,https://cdn.akamai.steamstatic.com/apps/dota2/images/dota_react/heroes/vengefulspirit.png,https://www.dota2.com/hero/vengefulspirit
Venomancer,https://cdn.akamai.steamstatic.com/apps/dota2/images/dota_react/icons/hero_universal.png,https://cdn.akamai.steamstatic.com/apps/dota2/images/dota_react/heroes/venomancer.png,https://www.dota2.com/hero/venomancer
Viper,https://cdn.akamai.steamstatic.com/apps/dota2/images/dota_react/icons/hero_agility.png,https://cdn.akamai.steamstatic.com/apps/dota2/images/dota_react/heroes/viper.png,https://www.dota2.com/hero/viper
Visage,https://cdn.akamai.steamstatic.com/apps/dota2/images/dota_react/icons/hero_universal.png,https://cdn.akamai.steamstatic.com/apps/dota2/images/dota_react/heroes/visage.png,https://www.dota2.com/hero/visage
Void Spirit,https://cdn.akamai.steamstatic.com/apps/dota2/images/dota_react/icons/hero_universal.png,https://cdn.akamai.steamstatic.com/apps/dota2/images/dota_react/heroes/void_spirit.png,https://www.dota2.com/hero/voidspirit
Warlock,https://cdn.akamai.steamstatic.com/apps/dota2/images/dota_react/icons/hero_intelligence.png,https://cdn.akamai.steamstatic.com/apps/dota2/images/dota_react/heroes/warlock.png,https://www.dota2.com/hero/warlock
Weaver,https://cdn.akamai.steamstatic.com/apps/dota2/images/dota_react/icons/hero_agility.png,https://cdn.akamai.steamstatic.com/apps/dota2/images/dota_react/heroes/weaver.png,https://www.dota2.com/hero/weaver
Windranger,https://cdn.akamai.steamstatic.com/apps/dota2/images/dota_react/icons/hero_universal.png,https://cdn.akamai.steamstatic.com/apps/dota2/images/dota_react/heroes/windrunner.png,https://www.dota2.com/hero/windranger
Winter Wyvern,https://cdn.akamai.steamstatic.com/apps/dota2/images/dota_react/icons/hero_intelligence.png,https://cdn.akamai.steamstatic.com/apps/dota2/images/dota_react/heroes/winter_wyvern.png,https://www.dota2.com/hero/winterwyvern
Witch Doctor,https://cdn.akamai.steamstatic.com/apps/dota2/images/dota_react/icons/hero_intelligence.png,https://cdn.akamai.steamstatic.com/apps/dota2/images/dota_react/heroes/witch_doctor.png,https://www.dota2.com/hero/witchdoctor
Wraith King,https://cdn.akamai.steamstatic.com/apps/dota2/images/dota_react/icons/hero_strength.png,https://cdn.akamai.steamstatic.com/apps/dota2/images/dota_react/heroes/skeleton_king.png,https://www.dota2.com/hero/wraithking
Zeus,https://cdn.akamai.steamstatic.com/apps/dota2/images/dota_react/icons/hero_intelligence.png,https://cdn.akamai.steamstatic.com/apps/dota2/images/dota_react/heroes/zuus.png,https://www.dota2.com/hero/zeus
