"id_item","Nombre","Imagen","Costo","Descripci√≥n"
"1","Aghanim's Shard","https://es.dotabuff.com/assets/items/aghanims-shard-4e79e040a49fe45c7aa7aeb2b0776c06488564bc5cd33e742960153363910526.jpg","1400.0","Passive: Ability Upgrade Upgrades an existing ability or adds a new ability to your hero. Passive: Ability Upgrade"
"2","Aghanim's Scepter","https://es.dotabuff.com/assets/items/aghanims-scepter-d304fe07769b81d0c2624d78b12ed3a97194470b18d1999f8d5ed5654d8b1691.jpg","4200.0","Passive: Ability Upgrade Upgrades the ultimate, and some abilities, of all heroes. Passive: Ability Upgrade"
"3","Magic Wand","https://es.dotabuff.com/assets/items/magic-wand-8705c4305218afde38f755a6bdb2bb54da60a4b3ce6d8163950015c5f2bad52e.jpg","450.0","Active: Energy Charge Instantly restores 15 health and mana per charge stored.  Max 20 charges. Gains a charge whenever a visible enemy within 1200 range uses an ability. Active: Energy Charge 15 15"
"4","Power Treads","https://es.dotabuff.com/assets/items/power-treads-980cb4e9fc74127f29942cbfe149be2b414eec7e1614b860a4a6d312bc07f4a9.jpg","1400.0","Active: Switch Attribute Switches between +10 Strength, +10 Agility, or +10 Intelligence. Movement speed bonuses from multiple pairs of boots do not stack. Active: Switch Attribute"
"5","Blink Dagger","https://es.dotabuff.com/assets/items/blink-dagger-baaa3b7c2ac85481cfd574b8f305bcae4c8f4117e8f4050d100aa1da213a863d.jpg","2250.0","Active: Blink Teleport to a target point up to 1200 units away.  Blink Dagger cannot be used for 3 seconds after taking damage from an enemy hero or Roshan. Active: Blink 15 15"
"6","Arcane Boots","https://es.dotabuff.com/assets/items/arcane-boots-a3780516ff09b554f3aff61b4a97cf56eb0b901f12cec9e15956dfefd2e1e620.jpg","1400.0","Active: Replenish Restores 150 mana to all nearby allies.  Radius: 1200 Movement speed bonuses from multiple pairs of boots do not stack.  Passive: Basilius Aura Grants 1 mana regeneration to allies.  Radius: 1200 Active: Replenish 55 55"
"7","Black King Bar","https://es.dotabuff.com/assets/items/black-king-bar-8cd19b9e780334dfb49999208c4d5a4550c5e337ab2f55aa14e7c38cd2cd56f9.jpg","4050.0","Active: Avatar Applies a basic dispel. Grants 60% Magic resistance and immunity to pure and reflected damage. For the duration of the effect, any negative effect from enemy spells has no effect.  Duration: 9 / 8 / 7 / 6 Dispel Type: Basic Dispel Active: Avatar 95 50 95 50"
"8","Phase Boots","https://es.dotabuff.com/assets/items/phase-boots-1e1484aa86fdef3822ee6e7f6c36e4b0c857763757d8596ae0880c31e7ee7fe3.jpg","1500.0","Active: Phase Gives 20% increased movement speed on melee heroes, and 10% on ranged heroes, and lets you move through units and turn more quickly for 3 seconds. Movement speed bonuses from multiple pairs of boots do not stack. Active: Phase 8 8"
"9","Bracer","https://es.dotabuff.com/assets/items/bracer-6f90a395012ff706c86b8623eb58ee162eb4671f50f8f5b5b85528a4fc162004.jpg","505.0",""
"10","Glimmer Cape","https://es.dotabuff.com/assets/items/glimmer-cape-6f2d6a4a6d2b34573d2b9e1713c2333a76933a2b57ea2f95d55a407f12ed8b70.jpg","2150.0","Active: Glimmer After a 0.5 second delay, grants invisibility, 20 movement speed and a magic damage barrier that absorbs up to 300 damage to you or a target allied unit for 5 seconds.  Can be cast while channeling. Active: Glimmer 14 125 14 125"
"11","Dust of Appearance","https://es.dotabuff.com/assets/items/dust-of-appearance-1a084e6a1a5468dbbf1044a1fb57fceed791b07ffad1b791da2bff8218823c51.jpg","80.0","Use: Reveal For 12 seconds, creates an area that reveals and slows invisible heroes by -20% in a 1050 radius where the caster was standing. Invisible units revealed by dust take 25 damage.  The debuff effect on enemies lingers for 8s after leaving the area of effect. Use: Reveal 30 30"
"12","Aether Lens","https://es.dotabuff.com/assets/items/aether-lens-e3adccde028dc57a6be5145dfb0a2eceb4c2a5979f2d7a4b58d5b62708ce4461.jpg","2275.0","Passive: Aethereal Focus Increases targeted spell and item cast range. Passive: Aethereal Focus"
"13","Null Talisman","https://es.dotabuff.com/assets/items/null-talisman-997fd29f6837f936654e61e1dbfed9eb5331b3198f9062e88df1d760d33e6d92.jpg","505.0",""
"14","Observer and Sentry Wards","https://es.dotabuff.com/assets/items/observer-and-sentry-wards-70da79758aa544fe01a40798bb13c860eb37f724096a4d41e745ec43c9603840.jpg","50.0","Use: Plant Plant the currently active ward. Double-Click to switch the currently active ward. Use: Plant"
"15","Sange and Yasha","https://es.dotabuff.com/assets/items/sange-and-yasha-d6211e1847a001cb4a7efc3643a2b686f8dfc9d3ee95b619dcc8bcd4797574b3.jpg","4200.0",""
"16","Tranquil Boots","https://es.dotabuff.com/assets/items/tranquil-boots-310f925a7b2605cafe7dde0d8ea9e9c08f96f779550afaf9d1a9915bdb6b2c16.jpg","900.0","Passive: Break Whenever you attack a hero or are attacked by any unit, the bonus 14 HP regen is lost and the movement speed bonus is reduced to 40 for 13 seconds. Movement speed bonuses from multiple pairs of boots do not stack. Passive: Break 13 13"
"17","Blade Mail","https://es.dotabuff.com/assets/items/blade-mail-3d678cf7bad08b315fb34563d8dec35d3df4387f6d68fcbce9a50d27792262e0.jpg","2300.0","Active: Damage Return For 5.5 seconds, the damage returned from all sources is increased by 85%.  Passive: Damage Return Everytime you are attacked, you return 20 damage plus 20% of the attack damage dealt to you. Active: Damage Return 25 25 25 25"
"18","Wraith Band","https://es.dotabuff.com/assets/items/wraith-band-9eaacdbaab915ccd7783356c43ea7a3183c34ac94298b83ce3931530fbf026c5.jpg","505.0",""
"19","Manta Style","https://es.dotabuff.com/assets/items/manta-style-6ac9dcbc12891e614a6b0b4dd4ca658ae34f31c4ac7bd6c8737b0d75062e4873.jpg","4650.0","Active: Mirror Image Creates 2 images of your hero that last 18 seconds.  Melee images deal 33% damage, while Ranged images deal 28%. Illusions take 300% damage.  Dispel Type: Basic Dispel Active: Mirror Image 34 125 34 125"
"20","Mind Breaker","https://es.dotabuff.com/assets/items/mind-breaker-c5f7fa8cda3558634d4580b56916de6a1aa91981586c982b775414b6b6f4bf83.jpg","","Passive: Silence Strike The next attack silences the hit enemy for 1.5 seconds. Passive: Silence Strike 12 12"
"21","Vampiric","https://es.dotabuff.com/assets/items/vampiric-14f0a27cde822b8f3a324f0502c511684dfcb01f7d65a08d3acdd11a572c6214.jpg","",""
"22","Boots of Travel","https://es.dotabuff.com/assets/items/boots-of-travel-c22900baf87e70de2d300520deaf10569f216f126063565fd5416312ba722108.jpg","2500.0","Upgrade: Town Portal Scroll Upgrades your Town Portal Scroll, allowing it to target units, reduces cooldown and does not consume a charge on usage. Movement speed bonuses from multiple pairs of boots do not stack. Upgrade: Town Portal Scroll"
"23","Bottle","https://es.dotabuff.com/assets/items/bottle-2302fc9050e4ca3a2bc1198799862f7f2b259fbea129ebb19809f8ddbcd50130.jpg","675.0","Active: Regenerate Consumes a charge to restore 110 health and 60 mana over 2.7 seconds. If the hero is attacked by an enemy hero or Roshan, the effect is lost.  The Bottle automatically refills at the fountain.  Hold Control to use on an allied hero.  Passive: Store Rune Runes can be stored in the Bottle for later use by right-clicking them. Unused runes will automatically activate after 90 seconds.  Using a stored rune fully refills the Bottle. Active: Regenerate 0.5 0.5"
"24","Quelling Blade","https://es.dotabuff.com/assets/items/quelling-blade-61748be16bc85c8ea46f56fcff8dbebd63d2ef529935c1001fa11fdb158cc652.jpg","100.0","Active: Chop Tree Destroy a target tree.  Passive: Quell Increases attack damage against non-hero units by 8 for melee heroes, and 4 for ranged. Active: Chop Tree 4 4"
"25","Eul's Scepter of Divinity","https://es.dotabuff.com/assets/items/euls-scepter-of-divinity-4485ba2033945c942f163e85f456af29741379ce4f91158babe185552ad7cae2.jpg","2600.0","Active: Cyclone Sweeps a target unit up into a cyclone, making them invulnerable for 2.5 seconds. Cyclone can only be cast on enemy units or yourself.  Enemy units take 50 magical damage upon landing. Dispel Type: Basic Dispel Active: Cyclone 23 175 23 175"
"26","Iron Branch","https://es.dotabuff.com/assets/items/iron-branch-f1d1d51c3dc95b6960bb078b8f55a771010903ad530508bdc961bc49524664d7.jpg","50.0","Use: Plant Tree Targets the ground to plant a happy little tree that lasts for 20 seconds. Use: Plant Tree"
"27","Force Staff","https://es.dotabuff.com/assets/items/force-staff-117877d5e7097ce5c723ecb67b275da9c3122f5b778b9d92e08284e6292e2f11.jpg","2200.0","Active: Force Pushes any target unit 600 units in the direction it is facing. Active: Force 19 150 19 150"
"28","Hurricane Pike","https://es.dotabuff.com/assets/items/hurricane-pike-c677c912f7adeee700f463062bed06cb6169b89f76361aa72de14a032955df61.jpg","4450.0","Active: Hurricane Thrust Pushes you and target enemy 450 units away from each other, and for 6 seconds, allows you to make 5 attacks against the target without range restrictions and with +100 attack speed.  Can be cast on self or allies to push the target 600 units in the direction it is facing. Enemy Range: 450  Passive: Dragon's Reach Increases attack range of ranged heroes. Active: Hurricane Thrust 19 150 19 150"
"29","Daedalus","https://es.dotabuff.com/assets/items/daedalus-828ea7472c4b25a41d53d1935f99b9da5d6ccf214eec4769952cc0b891c66316.jpg","5100.0","Passive: Critical Strike Grants each attack a 30% chance to deal 225% damage. Passive: Critical Strike"
"30","Quickened","https://es.dotabuff.com/assets/items/quickened-91954b0c89fbcec2f29d8b422c25e14a05a9e85c82d765371c38508982e73d5f.jpg","",""
"31","Smoke of Deceit","https://es.dotabuff.com/assets/items/smoke-of-deceit-4942315ad2248fb6edb078378a5cfdfdb352f3dbbfed5f44a811ee6813d6b956.jpg","50.0","Use: Disguise Turns the caster and all allied player-controlled units in a 1200 radius invisible, and grants 15% bonus movement speed for 45 seconds.  While the caster is still disguised, any allies that come within 300 range of them will also get the buff applied to them. Each smoke can only be applied once to allies.  Attacking or moving within 1025 range of an enemy hero or tower, will break the invisibility.  Disguise grants invisibility that is immune to True Sight. Use: Disguise 1 1"
"32","Brawny","https://es.dotabuff.com/assets/items/brawny-8ccde79f9054e28a14c25b6b5d91a92fd0165514b0e903cee024767f7246dec3.jpg","",""
"33","Tough","https://es.dotabuff.com/assets/items/tough-352a0a0467d3e438a78e0ce0d5b9cf5d2adf02db01422268fe19597faa134516.jpg","",""
"34","Sentry Ward","https://es.dotabuff.com/assets/items/sentry-ward-dd2b908c62ca6fb0d865041f80415eb8cf6e3e57c60b45e8c76c4c7ccac22884.jpg","50.0","Use: Plant Plants a Sentry Ward, an invisible watcher that grants True Sight, the ability to see invisible enemy units and wards, to any existing allied vision within a 1050 radius. Lasts 7 minutes.  Does not grant ground vision. Hold Control to give one Sentry Ward to an allied hero. Use: Plant 1 1"
"35","Alert","https://es.dotabuff.com/assets/items/alert-6c7167edc51e900b911c57fcca8818df4f61fb4af293a5a16a49be7dd0e3ee07.jpg","",""
"36","Battle Fury","https://es.dotabuff.com/assets/items/battle-fury-3e6ddf5268ad1d402f6acacb70e5033bae6890b2c8b833f26cc75e2921c199d4.jpg","3900.0","Active: Chop Tree Destroy a target tree.  Passive: Quell Increases attack damage against non-hero units by 10 for melee heroes, and 5 for ranged.  Passive: Cleave Deals 60% of attack damage as physical damage in a cone up to 650 around the target. Deals 40% against creeps. (Melee Only) Active: Chop Tree 4 4"
"37","Mystical","https://es.dotabuff.com/assets/items/mystical-77bfada660c768aa1260f6c811998dd7ebb3ca28e9ce0c7b5e993824eb533f60.jpg","",""
"38","Hand of Midas","https://es.dotabuff.com/assets/items/hand-of-midas-149820e5a96de541d977101589a00e5402866e76eee103696b4654659234f839.jpg","2200.0","Active: Transmute Kills a non-hero target for 160 gold and 2.1x experience. When used on a neutral creep, guarantees to create a neutral item if available.  Cannot be used on Ancient creeps. Active: Transmute"
"39","Radiance","https://es.dotabuff.com/assets/items/radiance-5980bca3437019c5a18f9080e6fc88f91fb9bef43049a9a61c314cdf8ac33a35.jpg","4700.0","Toggle: Burn When active, scorches enemies for 60 magical damage per second and causes them to miss 15% of their attacks. Deals 150% damage to illusions. Illusions deal 35 magical damage per second.  Radius: 650 Toggle: Burn"
"40","Magic Stick","https://es.dotabuff.com/assets/items/magic-stick-59421ac3d355f46017b18b81a484a75fdc89d75d1e00f288c8ef8b8c9b88f4a7.jpg","200.0","Active: Energy Charge Instantly restores 15 health and mana per charge stored.  Max 10 charges. Gains a charge whenever a visible enemy within 1200 range uses an ability. Active: Energy Charge 17 17"
"41","Ogre Axe","https://es.dotabuff.com/assets/items/ogre-axe-823b5646dfc05bec4794cdf5876d5360538145c7e31ee6ac985735198752ab88.jpg","1000.0",""
"42","Desolator","https://es.dotabuff.com/assets/items/desolator-b76a55dc1d973db80eac0f4526a2283cdf6927f3887f368c9c26816b7d28f087.jpg","3500.0","Passive: Corruption Your attacks reduce the target's armor by -6 for 7 seconds.  Passive: Soul Stealer Desolator gains +2 damage every time an enemy hero dies while affected by Corruption, to a maximum of 30. Passive: Corruption"
"43","Boots of Speed","https://es.dotabuff.com/assets/items/boots-of-speed-d49de423408e3e3e65939e5662fa89bd07b75af9e0ae390bb404c4a871839603.jpg","500.0","Movement speed bonuses from multiple pairs of boots do not stack."
"44","Monkey King Bar","https://es.dotabuff.com/assets/items/monkey-king-bar-ee22b3861fd4dbf8eec2941eb5f550d416d8f072134a75bdef5a2fa8cee0e469.jpg","4700.0","Passive: Pierce Grants each attack a 80% chance to pierce through evasion and deal 70 bonus magical damage. Passive: Pierce"
"45","Shiva's Guard","https://es.dotabuff.com/assets/items/shivas-guard-03bf68f6c8b10c0e21021f63ea50e88e4abb252a2d9af21eba02b4b2838ee8ec.jpg","5175.0","Active: Arctic Blast Emits a freezing wave that causes enemies to take 15% more damage from spells for 16 seconds, deals 200 magical damage and slows their movement by -40% for 4 seconds. Deals 150% damage to illusions.  Radius: 900  Passive: Freezing Aura Reduces the attack speed of all enemies by -45 and all heals, regeneration and lifesteal by 25%.  Radius: 1200 Active: Arctic Blast 27 75 27 75"
"46","Gale Guard","https://es.dotabuff.com/assets/items/gale-guard-7ec03f585d22aa5fbe1213b7205189dd0f77f8862fc309bd846734de18193b06.jpg","","Active: Cyclonic Shield Envelops the caster in an all damage barrier that absorbs 75% of incoming damage up to a max of 250. Lasts for up to 10 seconds and while the barrier is active you have 50% Slow Resistance. Active: Cyclonic Shield 30 30"
"47","Linken's Sphere","https://es.dotabuff.com/assets/items/linkens-sphere-30c56af718b84eb3540ea0d21ad8788ecfc3d3a6faef841a08e02cb469e7bc84.jpg","4800.0","Passive: Spellblock Blocks most targeted spells once every 14 seconds.  Active: Transfer Spellblock Temporarily removes Spellblock from the item's owner and transfers it to an allied unit for 14 seconds. Passive: Spellblock 14 14"
"48","Ninja Gear","https://es.dotabuff.com/assets/items/ninja-gear-e7cf80fcb89c365ace960e6136035afb4479b5a3fc97783f05f103a2bfcb4d26.jpg","","Active: Solitary Disguise Casts Smoke of Deceit on yourself only that lasts for up to 15 seconds. Active: Solitary Disguise 60 100 60 100"
"49","Serrated Shiv","https://es.dotabuff.com/assets/items/serrated-shiv-82b9b38a778257cbf3a3cf3a81ee1b873174dc93ea4733752ff064f09bf7454a.jpg","","Passive: Gut 'Em Attacks have a 20% chance to have True Strike and deal 8% of the target's current health as bonus physical damage. Deals a flat bonus of 200 against Roshan. Passive: Gut 'Em 1 1"
"50","Octarine Core","https://es.dotabuff.com/assets/items/octarine-core-182cfda3ed8b44fed778b89cb12f8c4bb7afc08d81e2bf8454c29e3b3de5fa8d.jpg","4800.0","Passive: Cooldown Reduction Reduces the cooldown time of all spells and items. Passive: Cooldown Reduction"
"51","Butterfly","https://es.dotabuff.com/assets/items/butterfly-d44afeca98307ed57a95710d41d2317203f4b9ec35fad316c8b40d20587287f7.jpg","5450.0",""
"52","Observer Ward","https://es.dotabuff.com/assets/items/observer-ward-b9ad4819effd0a48fe094e0cfe660984cccc178caab63b0365a8ed9951edf3a3.jpg","","Use: Plant Plants an Observer Ward, an invisible watcher that gives ground vision in a 1600 radius to your team. Lasts 6 minutes.  Hold Control to give one Observer Ward to an allied hero. Use: Plant 1 1"
"53","Nemesis Curse","https://es.dotabuff.com/assets/items/nemesis-curse-29ba50cba6c3c2408b4b8ff22246ba355985dad75561f503887a959ad0d37f68.jpg","","Passive: Glass Cannon Hero takes 8% more damage from all sources. Passive: Glassify When attacking a hero, apply a debuff increasing the damage received by that hero by 12% for 5 seconds. Only one target can be affected by Glassify at the same time. Passive: Glass Cannon"
"54","Mjollnir","https://es.dotabuff.com/assets/items/mjollnir-001e9b97f26c32c250b29e5bae20bd8377c5638bd242a0bc67446670aff060db.jpg","5500.0","Active: Static Charge Places a charged shield on a target unit for 15 seconds which has a 20% chance to release a 225 magical damage shocking bolt at a nearby attacker and 4 additional enemies.  Passive: Chain Lightning Grants a 25% chance on attack to release a bolt of electricity that leaps between 12 targets within a 650 radius, dealing 180 magical damage to each. Lightning proc pierces evasion. Deals 150% damage to illusions. Active: Static Charge 35 50 35 50"
"55","Wind Lace","https://es.dotabuff.com/assets/items/wind-lace-276f9c761833190008cec65092ab9f34b3fbfea82f0c9b3de3e61ce892e2693e.jpg","225.0","Bonuses from multiple Wind Laces do not stack."
"56","Bloodthorn","https://es.dotabuff.com/assets/items/bloodthorn-b779885b832852d96f00aef0234b38caa2aca93290e645da4d4c91002c0cacf7.jpg","6625.0","Active: Soul Rend Silences a target for 5 seconds. At the end of the silence, an additional 60% of all damage taken during the silence will be dealt to the target as magical damage.  All attacks on the silenced target will deal additional damage equal to 50 if the attacker is a hero, and 25, if the attacker is a creep. Provides True Strike for your attacks and attacks from your controlled units against the silenced target.  Passive: Pierce Grants each attack a 40% chance to pierce through evasion and deal 60 bonus magical damage. Active: Soul Rend 15 125 15 125"
"57","Harpoon","https://es.dotabuff.com/assets/items/harpoon-e300e20ca673abccd7a0f91f32852cc3b7af0e529a415d8933c9a88e0505ee8a.jpg","4700.0","Active: Draw Forth When targeting an enemy, fire a harpoon at them, that pulls you and the target closer together, up to 35% of the distance between you and your target. If the caster is melee, the hero and target are always pulled to within melee distance of each other.  Passive: Echo Strike Causes melee attacks to attack twice in quick succession. The double attacks apply a 100% movement slow for 1 seconds on each strike. Echo Strike cooldown: 5s Active: Draw Forth 19 50 19 50"
"58","Shadow Blade","https://es.dotabuff.com/assets/items/shadow-blade-f351f4c8348228aa652474b58f0c378e3356d0cd3c4fa94b057894bcd0bea449.jpg","3350.0","Active: Shadow Walk Makes you invisible for 17 seconds, or until you attack or cast a spell. While Shadow Walk is active, you move 20% faster and can move through units.  If attacking to end the invisibility, you gain 175 bonus physical damage on that attack. Active: Shadow Walk 25 75 25 75"
"59","Silver Edge","https://es.dotabuff.com/assets/items/silver-edge-0e3f2029586f10fceb590b1b16a5e606db6166fa286213a70b9c45e4061455e4.jpg","5800.0","Active: Shadow Walk Makes you invisible for 17 seconds, or until you attack or cast a spell. While invisible, you move 25% faster and can move through units.  Attacking to end the invisibility will deal 300 bonus physical damage and disable their passive abilities for 6 seconds. Active: Shadow Walk 20 75 20 75"
"60","Ghost Scepter","https://es.dotabuff.com/assets/items/ghost-scepter-f83a60b6a05a514ca8d102bfa0ff16fb6927f8b00a90b85d99ed476cde754295.jpg","1500.0","Active: Ghost Form You enter ghost form for 4 seconds, becoming immune to physical damage, but are unable to attack and -40% more vulnerable to magic damage. Active: Ghost Form 22 22"
"61","Orchid Malevolence","https://es.dotabuff.com/assets/items/orchid-malevolence-3b1fe424394f2e0cb549ccace5745da08aa0af22c4ac9110e17845a8bfa6ea4c.jpg","3275.0","Active: Soul Burn Silences the target unit for 5 seconds. At the end of the silence, 30% of the damage received while silenced is inflicted as bonus magical damage. Active: Soul Burn 18 125 18 125"
"62","Skull Basher","https://es.dotabuff.com/assets/items/skull-basher-96d7a88078fcec14e28dd798e0de6f46fcbec576cb724b3d113723d11a628082.jpg","2875.0","Passive: Bash Grants melee heroes a 25% chance on hit to stun the target for 1.2 seconds and deal 100 bonus physical damage. Bash chance for ranged heroes is 10%. Passive: Bash 2.3 2.3"
"63","Satanic","https://es.dotabuff.com/assets/items/satanic-13f885747c7b3f92633561f0fa948ce0f76cd222f6d4a59576af328a35dde005.jpg","5050.0","Active: Unholy Rage Increases Lifesteal percentage to 175% for 6 seconds.  Dispel Type: Basic Dispel  Passive: Lifesteal Heals the attacker for a percentage of physical damage dealt. Active: Unholy Rage 30 30"
"64","Orb of Corrosion","https://es.dotabuff.com/assets/items/orb-of-corrosion-2bf60bec41b07138f75052e3a2e4ad0b58acda8a4dab4c95ce2f7d51250609e8.jpg","1000.0","Passive: Corrosion Your attacks reduce the target's armor by -3, slows their movement by -16% (-8% against melee targets), and reduces heals, health regeneration, lifesteal and Spell lifesteal by 16% for 3 seconds. Passive: Corrosion"
"65","Abyssal Blade","https://es.dotabuff.com/assets/items/abyssal-blade-a178940651b7b2c3c8a5cf2602d3fef8cd95d7d45f816e11f925d7b8affb0dd9.jpg","6250.0","Active: Overwhelm Stuns a target enemy unit for 1.6 seconds.  Pierces Debuff Immunity.  Passive: Bash Grants melee heroes a 25% chance on hit to stun the target for 1.2 seconds and deal 120 bonus physical damage. Bash chance for ranged heroes is 10%. Active: Overwhelm 35 75 35 75"
"66","Ethereal Blade","https://es.dotabuff.com/assets/items/ethereal-blade-f325535e1eafc4f08aa77ace48773ee8976a1d22f240578557437ae17eeff66a.jpg","5375.0","Active: Ether Blast Converts the target unit to ethereal form, rendering them immune to physical damage, but unable to attack and -40% more vulnerable to magic damage.  Enemy targets are also slowed by -80%, and take 1.5x your target's primary attribute + 50 as magical damage. Duration: 4 seconds Active: Ether Blast 22 100 22 100"
"67","Healing Lotus","https://es.dotabuff.com/assets/items/healing-lotus-0e55062f08899a6e4573ff3b6570927780e81ec19100fa672890326b9202a8da.jpg","","Use: Eat Lotus Instantly restores 125 health and mana. Use: Eat Lotus 5 5"
"68","Kaya and Sange","https://es.dotabuff.com/assets/items/kaya-and-sange-6ee1804937b79b23fb88c106a8343fd63ee52f480bcb8351322215971985bdf9.jpg","4200.0",""
"69","Searing Signet","https://es.dotabuff.com/assets/items/searing-signet-8201e8b6c126c7de15240492c7681c05e59ccd2b9294fc45b45e986ace7f31e2.jpg","","Passive: Burn Through Instances of magic damage from spells over 55 ignites enemies, causing them to take 75 magic damage over 5 seconds. Passive: Burn Through"
"70","Guardian Greaves","https://es.dotabuff.com/assets/items/guardian-greaves-3483ed249f0790216a16fc963a4b054124b78c476d79bc79ded4dc2ea9595de3.jpg","5050.0","Active: Mend Restores 325 health and 200 mana to nearby allies, and removes most negative effects from the caster.  Radius: 1200 Dispel Type: Basic Dispel  Passive: Guardian Aura Grants 2.5 health regeneration, 1.5 mana regeneration and 3 armor to allied units. If an allied hero's health falls below 25%, this is increased to 14.5 health regeneration, 5 mana regeneration and 8 armor.  Radius: 1200 Movement speed bonuses from multiple pairs of boots do not stack. Active: Mend 45 45"
"71","Refresher Orb","https://es.dotabuff.com/assets/items/refresher-orb-12783adb4b9ef70c2930ca502b9e59347d9bd8886e7e2542c397e1d4b8f750e4.jpg","5000.0","Active: Reset Cooldowns Resets the cooldowns of all your items and abilities. Shares a cooldown with Refresher Shard. This item's cooldown only progresses in your hero's main inventory. Active: Reset Cooldowns 180 350 180 350"
"72","Assault Cuirass","https://es.dotabuff.com/assets/items/assault-cuirass-68541fef62c34d7a63f86fc68051599732105603adc4d4d134597b5765923092.jpg","5125.0","Passive: Assault Aura Grants 30 attack speed and 5 armor to nearby allied units and structures, and decreases nearby enemy unit and structure armor by -5.  Radius: 1200 Passive: Assault Aura"
"73","Heart of Tarrasque","https://es.dotabuff.com/assets/items/heart-of-tarrasque-4133179abe5a35843fd99399a15002fd1ae2ba837e81cb9e34cab9177784ca9f.jpg","5200.0",""
"74","Maelstrom","https://es.dotabuff.com/assets/items/maelstrom-1c48e5146ca6d3e2d1d193b5a85d6e62887788a975ffe783950fb9d5e0135f95.jpg","2950.0","Passive: Chain Lightning Grants a 25% chance on attack to release a bolt of electricity that leaps between 4 targets within a 650 radius, dealing 110 magical damage to each. Lightning proc pierces evasion. Deals 150% damage to illusions. Passive: Chain Lightning"
"75","Titanic","https://es.dotabuff.com/assets/items/titanic-b2b6173dee482b715cf2446421d708275a0d9527a31af397d4d3d6c6933c7807.jpg","",""
"76","Diffusal Blade","https://es.dotabuff.com/assets/items/diffusal-blade-21a27fea46f32bd63b834fed74df2c029bde647398e9c7750ce5e57ff1ed0d10.jpg","2500.0","Active: Inhibit Targets an enemy, slowing it for 4 seconds.  Passive: Manabreak Each attack burns 40 mana from the target, and deals 1 physical damage per burned mana.  Burns 8 mana per attack from melee illusions and 8 mana per attack from ranged illusions. Active: Inhibit 15 25 15 25"
"77","Ceremonial Robe","https://es.dotabuff.com/assets/items/ceremonial-robe-a458bfe107bb225e256edf69cfc866c229bc69b0847e963e86fea98262528560.jpg","","Passive: Ceremonial Aura Lowers enemy Status Resistance by 10% and Magic Resistance by 10%.  Radius: 1200 Passive: Ceremonial Aura"
"78","Pipe of Insight","https://es.dotabuff.com/assets/items/pipe-of-insight-6c009e37b3688c33b7c35a13e6426cdc0025f7a49d9266e2b6fe8d9cafb407ee.jpg","3725.0","Active: Barrier Gives a magic damage barrier that absorbs 425 damage to all nearby allies. Lasts 8 seconds.  Radius: 1200  Passive: Insight Aura Gives allied units 2.5 health regeneration and 8% magic resistance.  Radius: 1200 Active: Barrier 60 150 60 150"
"79","Paladin Sword","https://es.dotabuff.com/assets/items/paladin-sword-87dec371ab317eaae4e5e9459077868a7bd847f358c506ed67e765b6c6910a73.jpg","",""
"80","Timeless","https://es.dotabuff.com/assets/items/timeless-4c0e04e45e8156253d05c482c7c281907b5978791da390c112105bd2fd12a90c.jpg","",""
"81","Soul Ring","https://es.dotabuff.com/assets/items/soul-ring-89487b703542e95ae4eac47b84dbeffd0fdcef96cbb85546f5b788199cc2d3a7.jpg","805.0","Active: Sacrifice Consume 170 health to temporarily gain 170 mana. Lasts 10 seconds.  If the mana gained cannot fit in your mana pool, it creates a buffer of mana that will be used before your mana pool. Active: Sacrifice 25 25"
"82","Gunpowder Gauntlets","https://es.dotabuff.com/assets/items/gunpowder-gauntlets-6db93eaf52046b2b4d1c46e31b4f0b19c224332d5b33aef156eb313079b609d8.jpg","","Passive: Beat the Crowd Your next attack deals an additional 120 magic damage and splashes to units within 250 units for 50% of the original attack's damage plus the additional magic damage. Passive: Beat the Crowd 6 6"
"83","Ogre Seal Totem","https://es.dotabuff.com/assets/items/ogre-seal-totem-77ff4df8c26b18d841f40610df4fb3716c1207cb953b785f56ceb6b82c7d6ecc.jpg","","Active: Ogre Seal Flop Flop forward like an ogre seal 2 times, dealing 250 damage and slowing enemies in a 275 radius by -100% for 1.5 second on each bounce. 400 bounce distance. Active: Ogre Seal Flop 40 25 40 25"
"84","Eye of Skadi","https://es.dotabuff.com/assets/items/eye-of-skadi-9f369fcf7724b74340da24c6102ff9b2ad1880793e0a472c97ae0628f89509c4.jpg","5300.0","Passive: Cold Attack Attacks lower enemy movement by -25% if they are melee and -50% if they are ranged. Attacks also lower enemy attack speed by -20%. Additionally it reduces all healing, lifesteal and regen by 40% Lasts for 3 seconds. Passive: Cold Attack"
"85","Magnifying Monocle","https://es.dotabuff.com/assets/items/magnifying-monocle-af4f2340c18f8a88fabdc8c6ce4dde5bba85f10ebf5744da9360384a14682032.jpg","","Passive: Keen Eye Increases cast range by 125 and attack range by 100 (Melee & Ranged). Taking over 25 damage from a player controlled source or Roshan disables this effect for 3 seconds. Passive: Keen Eye"
"86","Witch Blade","https://es.dotabuff.com/assets/items/witch-blade-943daaebbf328dce11630b0fd13581994b588029d678e668b2b5937e96d2649d.jpg","2775.0","Passive: Witch Blade Causes your next attack to apply a poison for 4 seconds, slowing by 25% and dealing 0.75x your intelligence as damage every second. This attack has True Strike. Passive: Witch Blade 9 9"
"87","Mask of Madness","https://es.dotabuff.com/assets/items/mask-of-madness-0e63d9a627f81612f499ecca27a9503ac3ebf08b053eae0b4d762fb64aa2493c.jpg","1900.0","Active: Berserk Gives 110 attack speed and 25 movement speed, but reduces your armor by 8 and silences you. Lasts 6 seconds.  Passive: Lifesteal Heals the attacker for a percentage of physical damage dealt. Active: Berserk 16 25 16 25"
"88","Scythe of Vyse","https://es.dotabuff.com/assets/items/scythe-of-vyse-29e7b6d30eeba6040c438abfdab0948992c54fb0396e166167ecb4d1e0460336.jpg","5200.0","Active: Hex Turns a target unit into a harmless critter for 2.8 seconds. The target has a base movement speed of 140 and will be silenced, muted, and disarmed. Instantly destroys illusions. Active: Hex 20 250 20 250"
"89","Gossamer Cape","https://es.dotabuff.com/assets/items/gossamer-cape-9047f0280dc458efd8b2c4ef06bcb86eadcda7e7664101c73127f5f73400b2eb.jpg","","Passive: Sixth Sense Automatically dodge an attack from an enemy hero. Passive: Sixth Sense 6 6"
"90","Dragon Lance","https://es.dotabuff.com/assets/items/dragon-lance-45113f6ba3b0cb8c4914e10782ffaaf9abee98ecdfac86ba846b13ce42c64234.jpg","1900.0","Passive: Dragon's Reach Increases attack range of ranged heroes. Passive: Dragon's Reach"
"91","Kaya","https://es.dotabuff.com/assets/items/kaya-a74e4bc6efbc344481b0d4d2634a5ca59a5f965c0cd0cd9708e0c928064c9905.jpg","2100.0",""
"92","Crystalys","https://es.dotabuff.com/assets/items/crystalys-0756c44cec35a55641139b63f307e676d69810ebe94ef06a48db7231ebd4ca77.jpg","2000.0","Passive: Critical Strike Grants each attack a 30% chance to deal 160% damage. Passive: Critical Strike"
"93","Staff of Wizardry","https://es.dotabuff.com/assets/items/staff-of-wizardry-cdf143a9906573203eca7706af521b44f60168cf8ac03f1bb1263df9d44eadf1.jpg","1000.0",""
"94","Yasha and Kaya","https://es.dotabuff.com/assets/items/yasha-and-kaya-ed3131c1efae9fbe8a3209084ced2aa2def51090b8e08418c76bbee3fce79064.jpg","4200.0",""
"95","Gleipnir","https://es.dotabuff.com/assets/items/gleipnir-e4347d3176e92676fcce6ff2f9c8bb916c985a375f8ef16765c9ea0396780e02.jpg","4550.0","Active: Eternal Chains Roots all enemies in a 350 radius for 2 seconds. Active: Eternal Chains 18 100 18 100"
"96","Armlet of Mordiggian","https://es.dotabuff.com/assets/items/armlet-of-mordiggian-affe66f48b5655c675eccfec5a9cc21c8d8700eca3b06e93ee56d4af04047ff2.jpg","2500.0","Toggle: Unholy Strength When active, Unholy Strength grants +35 damage, +25 strength and +4 armor, but drains 45 health per second.  You cannot die from the health drain when Unholy Strength is activated, nor from the strength loss when Unholy Strength is deactivated. Toggle: Unholy Strength"
"97","Lotus Orb","https://es.dotabuff.com/assets/items/lotus-orb-e3fac9e42905a9e36ccffddaf991c534c6f27ca42a68c62d3b71ffe7a07fa938.jpg","3850.0","Active: Echo Shell Applies a shield to the target unit for 5 seconds which re-casts most targeted spells back to their caster.  The shielded unit will still take damage from the spell. Dispel Type: Basic Dispel Active: Echo Shell 15 175 15 175"
"98","Spirit Vessel","https://es.dotabuff.com/assets/items/spirit-vessel-f897e0a9f8a27f6bf8f0cab2a37cdc9355d7bae95d3f876ea5d03bf41e99b379.jpg","2780.0","Active: Soul Release When used against enemies, it reduces health by 4% of current health per second, and reduces HP regeneration, healing, lifesteal and Spell lifesteal by 60%. Deals 25 damage per second.  When used on allies, it provides 40 health regeneration per second.  Lasts 8 seconds.  If the unit is attacked by an enemy hero or Roshan, the effect is lost.  Gains charges every time an enemy hero dies within 1400 units or the user dies. Only the closest Spirit Vessel to the dying hero will gain a charge. Active: Soul Release 10 10"
"99","Echo Sabre","https://es.dotabuff.com/assets/items/echo-sabre-3c6912647dd2037677047936a3bdaa2fc87b7a85a31f3bb4cd9502269c8e4629.jpg","2700.0","Passive: Echo Strike Causes melee attacks to attack twice in quick succession. The double attacks apply a 100% movement slow for 0.8 seconds on the first strike. Passive: Echo Strike 5 5"
"100","Clarity","https://es.dotabuff.com/assets/items/clarity-cd44b4ec19aa7d3eb357c6f043945ea34eb81540fb419f88ed069369844e50d4.jpg","50.0","Use: Replenish Grants 6 mana regeneration to the target for 25 seconds.  If the unit is attacked by an enemy hero or Roshan, the effect is lost. Use: Replenish"
"101","Whisper of the Dread","https://es.dotabuff.com/assets/items/whisper-of-the-dread-7315f0fcba953b2fa38449ba642dcfa783ca99ddb9a00f0bd95cfb4efac44a58.jpg","","Passive: Tunnel Vision Equipped Hero has their daytime vision reduced by 15% but their Spell damage increased by 10%. Passive: Tunnel Vision"
"102","Rod of Atos","https://es.dotabuff.com/assets/items/rod-of-atos-4122b40d56576a2bde61adecc35980a960751fbc1e0853432b1d211c12df4bc1.jpg","2250.0","Active: Cripple Roots the target for 2 seconds. Active: Cripple 18 50 18 50"
"103","Psychic Headband","https://es.dotabuff.com/assets/items/psychic-headband-06099bdeff54ab189cd2116a569d1af3d3a0b4c99ad89de21c6c0b57805b6eae.jpg","","Active: Psychic Push Pushes the target enemy unit away from you 400 distance. Active: Psychic Push 20 20"
"104","Pyrrhic Cloak","https://es.dotabuff.com/assets/items/pyrrhic-cloak-13dcdeac7f22c11313b6553e2c18489c97dfa6da3b507009c84562d9fbcf1bd3.jpg","","Active: Retribution For the next 6 seconds, 75% of damage taken by the caster is reflected to the target unit as physical damage. Active: Retribution 40 40"
"105","Misericorde","https://es.dotabuff.com/assets/items/misericorde-dbf015ff00c547cdd3397d0961205cb59dbbf3d5dde1065fb8b527f11320dfec.jpg","","Passive: Dark Mercy Your attacks deal 3 more damage to enemies for each 7% HP they are missing. Passive: Dark Mercy"
"106","Vast","https://es.dotabuff.com/assets/items/vast-4ba99a09e4602cb1c9f63c9d9f4491d3624e3fd6e06951ada0ac7107645b87be.jpg","",""
"107","Mage Slayer","https://es.dotabuff.com/assets/items/mage-slayer-560b20b9411e3d1d785616ed92484655f306d9afc17eb434878cafad52acd8f0.jpg","2800.0","Passive: Mage Slayer Places a debuff when you attack enemies, dealing 25 damage per second and causing them to do 40% less spell damage for 3 seconds. Passive: Mage Slayer"
"108","Orb of Destruction","https://es.dotabuff.com/assets/items/orb-of-destruction-9e591d83eeeaaa4e48ed34bf7a77a4a9ea28bb175df53532a3a3fe06c5cedd56.jpg","","Passive: Impeding Corruption Attacks reduce the target's armor and movement speed. Slow amount varies based on whether the wearer is melee or ranged. Passive: Impeding Corruption"
"109","Circlet","https://es.dotabuff.com/assets/items/circlet-70ffa411f7a331581bd9d3a8d58685009afdd72852d184cb45b33ed9c48609a3.jpg","155.0",""
"110","Eternal Shroud","https://es.dotabuff.com/assets/items/eternal-shroud-9e1446d575cfa240b74b5de81f8913a4f1022e1ea1ae652e77e3a933272ae969.jpg","3700.0","Passive: Shroud Restores mana equal to 20% of incoming enemy spell damage before reductions.  Passive: Eternal Endurance For every 300 spell damage that equipped hero receives, it gains a stack of Endurance for 5s up to a maximum of 6 charges. Each charge increases Eternal Shroud's magic resistance by 3.5% . Passive: Shroud"
"111","Point Booster","https://es.dotabuff.com/assets/items/point-booster-e63725c58a4cdafa7a15b78ab72857d847e81bd4daa3f4dffce8ed8ca432e81f.jpg","1200.0",""
"112","Aeon Disk","https://es.dotabuff.com/assets/items/aeon-disk-8aae2bca25f3e4d9642c864c2aee84cd919d7e9ccc59b0c0006077a8a17a33d3.jpg","3000.0","Passive: Combo Breaker When you take damage and your health falls below 70%, a strong dispel is applied and you gain a 2.5 second buff that provides +75% Status Resistance and causes all damage you deal and are dealt to be reduced to zero. Only triggers on player based damage. Cooldown increases every time it triggers.  Dispel Type: Strong Dispel Passive: Combo Breaker 105 125 145 165 105 125 145 165"
"113","Essence Ring","https://es.dotabuff.com/assets/items/essence-ring-9cac7251e0ca024a588ffba13cf9398f711d699e909e353a2fcabefe2998b804.jpg","","Active: Life Essence Increases your current and max health by 240 for 10 seconds. Active: Life Essence 25 160 25 160"
"114","Enchanted Mango","https://es.dotabuff.com/assets/items/enchanted-mango-0c9ecc082cbbe6925aab1b72969c40166528d6119ba7d8bf49b5b8fdb1cd9622.jpg","65.0","Use: Eat Mango Instantly restores 100 mana. Use: Eat Mango"
"115","Timeless Relic","https://es.dotabuff.com/assets/items/timeless-relic-1e253dc8a3836b1e7f9c020e20735fa09242663323fdad70d27721e6354d6846.jpg","","Increases all outgoing spell damage and debuff duration."
"116","Solar Crest","https://es.dotabuff.com/assets/items/solar-crest-1a5ced7292b602796367524c8d236f98bb837b646996dba2780e984ea1424d5b.jpg","2575.0","Active: Shine When cast on an ally, grants them 5 armor, 60 attack speed, 15% movement speed and a 350 physical damage barrier.  Does not grant bonus armor, movement or attack speed if used on self.  Duration: 7 Active: Shine 16 100 16 100"
"117","Phylactery","https://es.dotabuff.com/assets/items/phylactery-6976e7e0cfb3111c66c6b06cdde40198d2b5388fdae896ed0a3862d426ff1873.jpg","2600.0","Passive: Empower Spell The next Unit Target spell you cast on an enemy deals a separate 150 bonus damage to the target and slows them by 30% for 3s. Passive: Empower Spell 12 12"
"118","Elven Tunic","https://es.dotabuff.com/assets/items/elven-tunic-cb9fbb8cbf05b5bb2db27c9ab67a2220dadecfdcadec7ebc99d853e72e85e886.jpg","",""
"119","Crippling Crossbow","https://es.dotabuff.com/assets/items/crippling-crossbow-5b990b0e36007fc2bfefd7aca8b634b0afd27e6009e42a6b0b844016e72b36c9.jpg","","Active: Hobble Hits an enemy for 75 damage, then slows them by 80% and reduces healing effects by 40% for 4 seconds. The slow gradually fades over the duration of the spell. Active: Hobble 12 75 12 75"
"120","Keen-eyed","https://es.dotabuff.com/assets/items/keen-eyed-72431e427705e023fd6d6203e40de2c527be246f2bdcbebdd238db978973f012.jpg","",""
"121","Morbid Mask","https://es.dotabuff.com/assets/items/morbid-mask-e44de839fb4410e97597aad2afe830e0996ec7152149bfed8426c59c708117c7.jpg","900.0","Passive: Lifesteal Heals the attacker for a percentage of physical damage dealt. Passive: Lifesteal"
"122","Vladmir's Offering","https://es.dotabuff.com/assets/items/vladmirs-offering-582795a78d6a2d17f876bf76b7b5952c207ff82682d66ae50457bf5186d1ec5b.jpg","2200.0","Passive: Vladmir's Aura Grants 20% lifesteal, 18% bonus damage, 1 mana regeneration, and 2 armor to nearby allies.  Radius: 1200 Passive: Vladmir's Aura"
"123","Khanda","https://es.dotabuff.com/assets/items/khanda-f5a39923be48259b230ca589a3e3758225dc52b2bbfc0cf1652797673524cc3a.jpg","5900.0","Passive: Empower Spell The next Unit Target spell you cast on an enemy deals a separate 250 additional damage and applies a debuff that slows the target by 30% and disables their passives for 4s. Passive: Empower Spell 10 10"
"124","Greedy","https://es.dotabuff.com/assets/items/greedy-b5c5150955ad6ede505d016a2ec3f296c2ab957f8f57d4231b5d1d2093824a41.jpg","",""
"125","Heaven's Halberd","https://es.dotabuff.com/assets/items/heavens-halberd-51009539648e1581c74d7f1c5623b2f2a107eeec5380d6612f29e550c66536cf.jpg","2600.0","Active: Disarm Prevents a target from attacking for 3 seconds on melee targets, and 4 seconds on ranged targets.  Passive: Damage Block Grants a 60% chance to block 60 damage from incoming attacks on melee heroes, and 30 damage on ranged. Active: Disarm 18 25 18 25"
"126","Nullifier","https://es.dotabuff.com/assets/items/nullifier-a1f54e91d6e5e85fc8b04efcf812c8a568ca283bc210c14059d6e16b20949800.jpg","4375.0","Active: Nullify Dispels the target and applies a debuff for 4 seconds. Continuously dispels and slows the target.  Dispel Type: Basic Dispel Active: Nullify 10 10"
"127","Mithril Hammer","https://es.dotabuff.com/assets/items/mithril-hammer-f80ad045e0803bc7cff65841085d2d5a4232dd052cf1beaf3b8c60d9d287ca26.jpg","1600.0",""
"128","Greater Healing Lotus","https://es.dotabuff.com/assets/items/greater-healing-lotus-1d44f95aa726c5bbe7370274df8a2dbfbd81d9f523c9ba91b7e947687a42838e.jpg","","Use: Eat Lotus Instantly restores 900 health and mana. Use: Eat Lotus 5 5"
"129","Dagon (level 5)","https://es.dotabuff.com/assets/items/dagon-level-5-310d0eb3b15ec41edd0054c2c25ff6e80f856b1977b0c7d67076bd8b6059b857.jpg","7450.0","Active: Energy Burst Emits a powerful burst of magical damage upon a targeted enemy unit. Heals the caster 75% of damage dealt by Dagon.  Damage: 400 / 500 / 600 / 700 / 800 Mana Cost: 120 / 140 / 160 / 180 / 200 Active: Energy Burst 27 24 21 18 15 120 140 160 180 200 27 24 21 18 15 120 140 160 180 200"
"130","Vampire Fangs","https://es.dotabuff.com/assets/items/vampire-fangs-1dc782a10bc801dd2f59ee22cdd3680517848f6addc93cd1a00a5d4c0ba650ca.jpg","",""
"131","Vindicator's Axe","https://es.dotabuff.com/assets/items/vindicators-axe-519725b1c5af4b9c7edcc62ffa82f59fc90b8ca9bc7555a46c0d24f675cd3f8a.jpg","","Passive: Vengeance Provides 30 damage if equipped hero is Silenced and 20 armor if equipped hero is Stunned. Passive: Vengeance"
"132","Tango","https://es.dotabuff.com/assets/items/tango-36bac234c3fced81e15d5637fa894a966e18d8daaa28bf22dcefb6ef2697ffd3.jpg","90.0","Use: Devour Consumes a target tree to gain 7 health regeneration for 16 seconds. Consuming an Ironwood Tree doubles the heal amount.  Comes with 3 charges. Can be used on an allied hero to give them one Tango.  Tree Range: 165 Use: Devour"
"133","Bloodstone","https://es.dotabuff.com/assets/items/bloodstone-a5ff019bd1b9d91daad61d1f8118f007027c9139e87f479981105d7d14699fde.jpg","4400.0","Active: Bloodpact Increases Bloodstone's Spell Lifesteal by 4x. Lasts 5 seconds.  Dispel Type: Basic Dispel Active: Bloodpact 35 35"
"134","Great Healing Lotus","https://es.dotabuff.com/assets/items/great-healing-lotus-516dec07a238a7844a5be282d36b4f9135151952b1596e9cab89770905981594.jpg","","Use: Eat Lotus Instantly restores 400 health and mana. Use: Eat Lotus 5 5"
"135","Trickster Cloak","https://es.dotabuff.com/assets/items/trickster-cloak-fe31a8a0009980093a474bd97e70242fe5411eb94373fb549d8c0891a72ec6ed.jpg","","Active: Cloak Causes you to become invisible for 6 seconds. Active: Cloak 25 25"
"136","Cloak of Flames","https://es.dotabuff.com/assets/items/cloak-of-flames-e5506fe1c74122f6b84e5eef6d4366173c093105f793ed6dd0486632142f3bb9.jpg","","Passive: Immolate Burns enemy units for 45 damage per second. Illusions deal 30 damage per second.  Radius: 375 Passive: Immolate"
"137","Mana Draught","https://es.dotabuff.com/assets/items/mana-draught-258b7507ac6a1277bbdd494ef7be8f4fddc8babf8a9ad1ec3248a51463ab3a25.jpg","","Active: Bottoms Up Restores 30 + 4% of the caster's maximum mana over 6 seconds. If the hero is attacked by an enemy hero or Roshan, the effect is lost.  Hold Control to use on an allied hero.  Passive: Fill Up Cooldown Speed of Mana Draught is increased by 30% while in water. Active: Bottoms Up 40 40"
"138","Iron Talon","https://es.dotabuff.com/assets/items/iron-talon-3b533c9e2f7f255768e1e714f992d8a5ea25fa049977acc8cbf86be326019dbf.jpg","","Active: Chop Targets a non-player enemy unit to remove 80% of its current HP.  If cast on a tree, instantly destroys it. Active: Chop 15 15"
"139","Blade of Alacrity","https://es.dotabuff.com/assets/items/blade-of-alacrity-4d2621c5fcecf417728132a307a0307bda8953b004c12b2b3673a7bab00ebddc.jpg","1000.0",""
"140","Parasma","https://es.dotabuff.com/assets/items/parasma-6298b2dda9b86d63fac7b3f1c042775ac7fc9ed3ec0edced629c871f61dd8569.jpg","5975.0","Passive: Witch Blade Causes your next attack to have true strike, apply a poison for 4 seconds, slowing by 25% and dealing 0.75x your intelligence as damage every second.  Passive: Magic Corruption Your attacks reduce the enemy's Magic resistance by 20% for 4 seconds. Passive: Witch Blade 7 7"
"141","Boots of Bearing","https://es.dotabuff.com/assets/items/boots-of-bearing-6a846b85671d18735a2f392608aa324402250a4fff303045d4a83186e885d6aa.jpg","4225.0","Active: Endurance Gives +50 attack speed and +15% movement speed to nearby allies for 6 seconds. For the first 1.5 seconds allies are immune to slows.  Radius: 1200  Passive: Swiftness Aura Grants 20 movement speed to allies.  Radius: 1200 Active: Endurance 30 30"
"142","Dandelion Amulet","https://es.dotabuff.com/assets/items/dandelion-amulet-a2d7000cd7b48b79d57e2aae814f30d044a23adb91c79739be80a0143e6dd540.jpg","","Passive: Magical Damage Block Every 12s, blocks up to 300 magic damage from damage instances over 75 damage. Passive: Magical Damage Block 12 12"
"143","Healing Salve","https://es.dotabuff.com/assets/items/healing-salve-e60621a540717a79107c35b166cf9ab155e2ede329c84f608e7a2f7e6c0ecddd.jpg","100.0","Use: Salve Grants 30 health regeneration to the target for 13 seconds.  If the unit is attacked by an enemy hero or Roshan, the effect is lost.  Heals for half the amount when cast on an ally. Use: Salve"
"144","Aviana's Feather","https://es.dotabuff.com/assets/items/avianas-feather-ad37f23872b730b22c55341783e63fa15af2e5b99b097ed79e189c4ce0667e64.jpg","","Passive: Free Bird When equipped hero is below 30% HP, they gain flying movement. Passive: Free Bird"
"145","Crimson Guard","https://es.dotabuff.com/assets/items/crimson-guard-f88f3fe37a9509c840bcd49efcfbf18eec0ee180d825428cc8ca7d1449f89c9a.jpg","3725.0","Active: Guard For 7 seconds, grant nearby allied heroes and buildings a 100% chance to block damage equal to 70 plus 2.2% of the casters max health value from each incoming attack. Units may only be affected by Guard once every 35 seconds.  Radius: 1200  Passive: Damage Block Grants a 60% chance to block 75 damage from incoming attacks on melee heroes, and 50 damage on ranged. Active: Guard 40 75 40 75"
"146","Revenant's Brooch","https://es.dotabuff.com/assets/items/revenants-brooch-358aa04a419e7595bf02aa1b3c2531245e66634bd1cbe500a59ba0264d7b391f.jpg","3300.0","Passive: Phantom Critical Grants each attack a 30% chance to deal an additional 80% of the attack's damage as bonus magic damage. Passive: Phantom Critical"
"147","Ascetic's Cap","https://es.dotabuff.com/assets/items/ascetics-cap-7cd1fd63751f2e884cfd1d57ca0c407e0af42289f99aebebe04913f790052518.jpg","","Passive: Endurance Whenever a debuff would be applied to the owner, grant 40% Status resistance and 40% Slow Resistance for 3 seconds. Passive: Endurance 25 25"
"148","Grove Bow","https://es.dotabuff.com/assets/items/grove-bow-7630860c2d62e6a11cdf50c2a9f50169083390f8c0939d0c8b4d638f08226965.jpg","","Passive: Magic Amp Reduces magic resistance of the attacked enemy by 20%. Passive: Magic Amp"
"149","Wind Waker","https://es.dotabuff.com/assets/items/wind-waker-90ae3aa27185636184201feb1aec8d175d63b42679242627e6b74b7044fbcd69.jpg","6800.0","Active: Cyclone Sweeps a target unit up into a cyclone, making them invulnerable for 2.5 seconds. Cyclone can be cast on yourself, enemy units or allied units.  Enemy units take 50 magical damage upon landing. Dispel Type: Basic Dispel Active: Cyclone 16 175 16 175"
"150","Pogo Stick","https://es.dotabuff.com/assets/items/pogo-stick-1f0e2a7f91461b3c0ef2bce7563dc08685c62066fc80fdce5c7fd563e458dca5.jpg","","Active: Vault Propels your hero forward 300 units. Tumbler's Toy gets disabled for 3 seconds if its owner receives damage from a player source. Active: Vault 15 15"
"151","Vanguard","https://es.dotabuff.com/assets/items/vanguard-111800d1fb7e0f948cacec26d7cf420a83a60720796efe823431a42cac721608.jpg","1700.0","Passive: Damage Block Grants a 60% chance to block 50 damage from incoming attacks on melee heroes, and 25 damage on ranged. Passive: Damage Block"
"152","Falcon Blade","https://es.dotabuff.com/assets/items/falcon-blade-fee0db0381721c81a9ace5ebe7e72c256e68f4426f50300c32d8c63000254b8c.jpg","1125.0",""
"153","Ancient Guardian","https://es.dotabuff.com/assets/items/ancient-guardian-456b837b5dc668c4958dfbe5f76c6fd012b665ca6359c9823014e0f532f96726.jpg","","Passive: Ancient Power Grants 50 extra bonus damage as long as the unit is within 2000 range of an ancient. Passive: Ancient Power"
"154","Veil of Discord","https://es.dotabuff.com/assets/items/veil-of-discord-6e11c70b19551593a7072312d5f3c47eab909b6dd1bcf43cf7ca1ae43e05dadb.jpg","1725.0","Active: Magic Weakness Cast a 900 radius blast that causes enemy heroes to take 10% increased damage from spells.  Can be cast while channeling.  Duration: 16 seconds. Active: Magic Weakness 16 50 16 50"
"155","Yasha","https://es.dotabuff.com/assets/items/yasha-0f9fc1c913eb198e735014bad758a2da1d788efff6b422d6d1afac36dd19d084.jpg","2100.0",""
"156","Holy Locket","https://es.dotabuff.com/assets/items/holy-locket-6fadafd2fd79eee793a2c589857432dfcd2569e46566c5558373f82e20a2bffd.jpg","2250.0","Active: Energy Charge Target an allied unit to instantly restore 17 health and mana per charge stored.  Automatically gains a charge every 8 seconds and whenever a visible enemy within 1200 range uses an ability.  Passive: Holy Blessing Amplifies heals you provide by 25%. Active: Energy Charge"
"157","Orb of Blight","https://es.dotabuff.com/assets/items/orb-of-blight-b3394fcbf78fc4b11627cd090c503a57c69acd3250d241e87a4b6f329b8997a9.jpg","300.0","Passive: Lesser Corruption Your attacks reduce the target's armor by -2 for 3 seconds. Passive: Lesser Corruption"
"158","Dragon Scale","https://es.dotabuff.com/assets/items/dragon-scale-37ed12a3b23bfce44666842f81969c5a73acf32b9900845f8d0a5d84dd9ba844.jpg","","Passive: Afterburn Causes attacks to burn the enemy, dealing 22 damage per second for 3 seconds. Affects buildings. Passive: Afterburn"
"159","Orb of Frost","https://es.dotabuff.com/assets/items/orb-of-frost-e890354e9fa33d689171085e168dbe1494a1a26ac185999512f01465c72c9023.jpg","250.0","Passive: Frost Your attacks slow the target's movement by -13% (-6% against melee targets) and reduces heals, health regeneration, lifesteal and Spell lifesteal by 13%. Lasts for 3 seconds. Passive: Frost"
"160","Roshan's Banner","https://es.dotabuff.com/assets/items/roshans-banner-6939c29a793c2f14b231fd0f70e1ba8b3278fb7ea2e2623852177876992f7034.jpg","","Use: Place Banner Creates a banner at the target location. Lane creeps in the area of effect become damage immune while the Banner is up. Lasts 120 seconds.  Can be destroyed. Melee hero attacks deal 2x damage to the banner. Use: Place Banner 1 1"
"161","Mekansm","https://es.dotabuff.com/assets/items/mekansm-f743cd7724576ab062aeb7eebf3e5895fd5d37c192ecae238646224632ed128d.jpg","1775.0","Active: Restore Restores 250 health to allied units in a 1200 radius.  Passive: Mekansm Aura Grants 2.5 health regeneration to allied units in a 1200 radius. Active: Restore 50 100 50 100"
"162","Cloak","https://es.dotabuff.com/assets/items/cloak-41489c974dfb204372642e9b353c2c7b0f10834ff4a7b44a45667a0d485000d8.jpg","800.0",""
"163","Gem of True Sight","https://es.dotabuff.com/assets/items/gem-of-true-sight-5ca53b6b2160904679f9e1bacc7c7f2e5b33d472ed8d1668ea58cf98a5f88f11.jpg","900.0","Active: Reveal Gives True Sight over a 300 radius revealing wards and units even in Fog of War. Passive: True Sight Grants the ability to see invisible units and wards to any allied vision within 900 range of its carrier.  Passive: Everlasting Dropped on death, and cannot be destroyed. Active: Reveal 12 12"
"164","Moon Shard","https://es.dotabuff.com/assets/items/moon-shard-c8c75b0ea7bd60211ac207cc45b15b1b588a31e6537298d367e4e316d17c7825.jpg","4000.0","Use: Consume Consume the Moon Shard to permanently gain 60 attack speed and 200 bonus night vision. Max 1 use.  Passive: Shade Sight Grants bonus night vision. Use: Consume"
"165","Vambrace","https://es.dotabuff.com/assets/items/vambrace-756b8a75cfb032ddc5ca25e57d0fbdbbd806183e3123dae61cfc0233ea895aaa.jpg","","Also provides one of the following, based on the Vambrace's main attribute: Strength: +10% Magic Resistance Agility: +15 Attack Speed Intelligence: +8% Spell Amp"
"166","Havoc Hammer","https://es.dotabuff.com/assets/items/havoc-hammer-4b3fc1ecea9c45387096101002e70e0ae5c40885ab7aa5740ecfbde6e696ac8f.jpg","","Active: Havoc Pulls enemies in a 400 range around you, slowing them by 50% for 3 seconds and dealing 175 + 1.5x your str as magical damage. Active: Havoc 10 10"
"167","Enchanted Quiver","https://es.dotabuff.com/assets/items/enchanted-quiver-ed8d9f9a4e1eac32bc8ad3264a3f0df55716015e3dd94f8f3c665b6dd4a2bd08.jpg","","Passive: Certain Strike Empowers your next attack with 250 bonus magical damage and True Strike. Ranged Attackers have +350 bonus range for the attack. Passive: Certain Strike 4 4"
"168","Trusty Shovel","https://es.dotabuff.com/assets/items/trusty-shovel-1ddd690c0bed292bd7afaf00a447342772668e6aadc7d571accdee2c37479e9a.jpg","","Active: Dig Channel for 1 second. Can find a Bounty Rune, a Healing Salve, an Enchanted Mango, or a Kobold. If digging in a river, always digs up a Water Rune. Active: Dig 70 70"
"169","Defiant Shell","https://es.dotabuff.com/assets/items/defiant-shell-51d11d6cd9ef6eb2ee0089eb7aee27898a16bad242e7c3ecf1c22d6dcee22a3b.jpg","","Passive: Reciprocity When attacked, the hero counter-attacks a target within their attack range. 5s Cooldown. Passive: Reciprocity"
"170","Aegis of the Immortal","https://es.dotabuff.com/assets/items/aegis-of-the-immortal-e12ea841d061f90d5fc433eeece9935b0e317a29fff06ccd2fb7e3011693ccaa.jpg","","Passive: Reincarnation Brings you to life with full health and mana 5 seconds after you die, at the location where you died.  Reincarnation must be used within 5 minutes or Aegis of the Immortal disappears. If it expires, it will heal you over 5 seconds (dispels on damage). Passive: Reincarnation"
"171","Occult Bracelet","https://es.dotabuff.com/assets/items/occult-bracelet-a86a1466d15690fb84552b100f10109534b3b183057942fea3a62184317baaa4.jpg","","Passive: Rites of Eloshar Each time the wearer is attacked, they gain a stack of 0.4 mana regen, up to 5 stacks. Stacks last for 5 seconds. Passive: Rites of Eloshar"
"172","Urn of Shadows","https://es.dotabuff.com/assets/items/urn-of-shadows-b4042dc48bde27d6c5b0ce8fc1e56c6311f01634d182be5c870262065d9495d5.jpg","880.0","Active: Soul Release Provides 30 health regeneration when cast on allies, and deals 25 damage per second when cast on enemies.  Lasts 8 seconds.  If the unit is attacked by an enemy hero or Roshan, the effect is lost.  Gains charges every time an enemy hero dies within 1400 units. Only the closest Urn to the dying hero will gain a charge. Active: Soul Release 10 10"
"173","Platemail","https://es.dotabuff.com/assets/items/platemail-21c88b480882cc8357bd05ff78d73c5351e5c949688ee4164512055f4ecc816d.jpg","1400.0",""
"174","Drum of Endurance","https://es.dotabuff.com/assets/items/drum-of-endurance-f30997916aa772124c01111960de374c5bd25d11986378d98c9f023b2ebe55f2.jpg","1625.0","Active: Endurance Gives +35 attack speed and +13% movement speed to nearby allies for 6 seconds.  Radius: 1200  Passive: Swiftness Aura Grants 15 movement speed to allies.  Radius: 1200 Active: Endurance 45 45"
"175","Gauntlets of Strength","https://es.dotabuff.com/assets/items/gauntlets-of-strength-d2ef574bc1e0f827f9df0494649af02705c6e86351b38227731aead8eb9e040f.jpg","140.0",""
"176","Overwhelming Blink","https://es.dotabuff.com/assets/items/overwhelming-blink-ae094bc03f5bd922ff031de4aa17407414224e1aa8ddb0cc8f9340765bc0672b.jpg","6800.0","Active: Overwhelming Blink Teleport to a target point up to 1200 units away.  After teleportation, all enemies in a 800 AoE take damage equal to 100 + 50% of your strength and an additional 100% over time, and have 50% movement speed slow and 50 attack speed slow for 6 seconds.  Overwhelming Blink cannot be used for 3 seconds after taking damage from an enemy hero or Roshan. Active: Overwhelming Blink 15 15"
"177","Disperser","https://es.dotabuff.com/assets/items/disperser-4a2abaa688b1a35639d7a27e527f0c950c42975c66d1b67479e7cf7bf3379ffb.jpg","6100.0","Active: Suppress Slows the target for 5 seconds if they are an enemy or applies a basic dispell and grants bonus movespeed and 40% slow resistance for 5 seconds if they are an ally. Caster is always granted the ally benefit on cast.  Both movement speed reduction and increase start at 100% and gradually decrease to 0% over the course of the buff duration. Dispel Type: Basic Dispel  Passive: Manabreak Each attack burns 40 mana from the target, and deals 1 physical damage per burned mana.  Burns 8 mana per attack from melee illusions and 8 mana per attack from ranged illusions. Active: Suppress 15 75 15 75"
"178","Void Stone","https://es.dotabuff.com/assets/items/void-stone-97d0681277b58b9d07174ccfcb8220d202f4079eb86a5fb9c95abc9d9432e94f.jpg","700.0",""
"179","Specialist's Array","https://es.dotabuff.com/assets/items/specialists-array-aad7cdc2b6aa867c82b4f04327ab7061e990a7d252600e1f425b3600b55e463c.jpg","","Passive: Crackshot Ranged Only. The next attack fires projectiles that deal 10 bonus damage at 2 additional targets within attack range plus a 225 range bonus. Does not trigger attack modifiers. Passive: Crackshot 8 8"
"180","Bullwhip","https://es.dotabuff.com/assets/items/bullwhip-434484589d3223ba1b53548e31ad91fa85519b419cc3160885d94a018eb280f4.jpg","","Active: Whip Grants 25% movement speed when cast on allies, and slows by 25% when cast on enemies. Lasts 4 seconds. Active: Whip 11 11"
"181","Swift Blink","https://es.dotabuff.com/assets/items/swift-blink-e5ff0e37dc77aafce301bf5539e2d84488371c2091a2c5004048dcc1948f75dd.jpg","6800.0","Active: Swift Blink Teleport to a target point up to 1200 units away.  After teleportation, you gain 40% phased movement speed and +35 Agility for 6 seconds.  Swift Blink cannot be used for 3 seconds after taking damage from an enemy hero or Roshan. Active: Swift Blink 15 15"
"182","Javelin","https://es.dotabuff.com/assets/items/javelin-438e635099c674cf57b2a5d59c0e6e3df0b0be071619074d537d571baef0f768.jpg","900.0","Passive: Pierce Grants each attack a 25% chance to pierce through evasion and deal 60 bonus magical damage. Passive: Pierce"
"183","Perseverance","https://es.dotabuff.com/assets/items/perseverance-727728a3a299ebba9dc83ceb9db0cc86efba72efbe403ecd92c614ccee1b03dd.jpg","1400.0",""
"184","Orb of Venom","https://es.dotabuff.com/assets/items/orb-of-venom-cf9a185cb1f346d1ed434a718c44e1df0b78e31e88b0fb6b722579bf737fda2e.jpg","350.0","Passive: Poison Attack Poisons the target, dealing 10 magical damage per second. Lasts for 3 seconds. Passive: Poison Attack 9 9"
"185","Spark of Courage","https://es.dotabuff.com/assets/items/spark-of-courage-1af2b3b0a32126ee267edb34f90b19f13c589c8b93a4af9d4c1c1976834020c7.jpg","","Passive: Courage Provides 10 damage when the hero is above 50% Health, and 5 armor when they are below that threshold. Passive: Courage"
"186","Pupil's Gift","https://es.dotabuff.com/assets/items/pupils-gift-ed5de30a4d86bfc9f635bd5e81c3427e5795465fdebe17b370f4ae45184112cd.jpg","","Increases both non-primary attributes."
"187","Crude","https://es.dotabuff.com/assets/items/crude-9ded21700a9cefe3ea9110c579744fd6c68bbb78fdbe56ef248f4e329e7e6645.jpg","",""
"188","Hyperstone","https://es.dotabuff.com/assets/items/hyperstone-b33db02cc48b3b1f55884647e713c22880afaab90b8eb428582dc11e9f85dca8.jpg","2000.0",""
"189","Telescope","https://es.dotabuff.com/assets/items/telescope-71086be0ddc1e591c462ec7fd27f33db9d518747d9be85d35c9f005777ba895a.jpg","","Passive: Prescient Aura Lowers Scan cooldown by 50% . Increases attack range (Ranged only) and cast range of allies in a 1200 unit radius. Passive: Prescient Aura"
"190","Sange","https://es.dotabuff.com/assets/items/sange-3243bcf56777f63a6bd93abb6fe4adcc6d81f444fb4c5b223d863fff9639b58e.jpg","2100.0",""
"191","Dagon","https://es.dotabuff.com/assets/items/dagon-d4fb9440265e697ae66096afd8f6c18d20f7c0b4de49b96bab25ab1830483a02.jpg","2850.0","Active: Energy Burst Emits a powerful burst of magical damage upon a targeted enemy unit. Heals the caster 75% of damage dealt by Dagon. Upgradable.  Damage: 400 / 500 / 600 / 700 / 800 Mana Cost: 120 / 140 / 160 / 180 / 200 Active: Energy Burst 27 24 21 18 15 120 140 160 180 200 27 24 21 18 15 120 140 160 180 200"
"192","Blood Grenade","https://es.dotabuff.com/assets/items/blood-grenade-00e222a41f962ccfb7c1619311790988ddc47776e308631f02596b27663ea5f6.jpg","50.0","Use: Throw Grenade Throw a grenade at the target area. Enemies in the area will take 50 damage on impact, and be slowed by -15% and take 15 damage every 1s for 5 seconds. Radius 300. Use: Throw Grenade 10 10"
"193","Tiara of Selemene","https://es.dotabuff.com/assets/items/tiara-of-selemene-a97e54f42984bca5c0b6214e6452aafcd25f4d031265d922d7c141b4dcd982a3.jpg","1800.0",""
"194","Blitz Knuckles","https://es.dotabuff.com/assets/items/blitz-knuckles-c589334881eb42f7b338dad7e458dc3c6a467006d338fe4ea4b11f72c3c99a1b.jpg","1000.0",""
"195","Faded Broach","https://es.dotabuff.com/assets/items/faded-broach-6f136f7a3f24c489aaa696a044bd0267fb3e40e908453e34664bc204004ed13b.jpg","",""
"196","Claymore","https://es.dotabuff.com/assets/items/claymore-0491cc90ea39d774baf745315cc233f54add794d2b9c5d84c0dfa2af1cc6a0c9.jpg","1350.0",""
"197","Boots of Travel 2","https://es.dotabuff.com/assets/items/boots-of-travel-2-a46b7b524f36eadf383fd8836d9b54c7e037495c0b33f7bc750268a9e8ff1ae4.jpg","4500.0","Upgrade: Town Portal Scroll Upgrades your Town Portal Scroll, allowing it to target units and heroes, reduces cooldown, channel time and does not consume a charge on usage. Movement speed bonuses from multiple pairs of boots do not stack. Upgrade: Town Portal Scroll"
"198","Eye of the Vizier","https://es.dotabuff.com/assets/items/eye-of-the-vizier-46a502ee3f4aa83747f68cddbad0ebef083174459199cc79eda2367ac742571b.jpg","",""
"199","Rattlecage","https://es.dotabuff.com/assets/items/rattlecage-1abed0701ff5f91e2fb972ecf24b66e63d758b627718ea54eb4a35ee2bcc5def.jpg","","Passive: Reverberate After taking 180 damage from any source, the wearer fires a projectile at up to 2 random enemies in a 600 radius, prioritizing heroes, that deal 125 physical damage and slow the targets movement and attack speed by 100% for 0.2s. Passive: Reverberate"
"200","Craggy Coat","https://es.dotabuff.com/assets/items/craggy-coat-e243112ada3126f5d09114f53f0dfc34e4f373bc512c112a6a93fc5bca3f5d9d.jpg","","Active: Toughen Up Grants you an extra 12 bonus armor at the cost of -30 movement speed. Lasts 8 seconds. Active: Toughen Up 12 12"
"201","Infused Raindrops","https://es.dotabuff.com/assets/items/infused-raindrops-f9bf098ef26522cb7eb54e8e23b978cf7ffad295cd8f6497a6700ca206dcce65.jpg","225.0","Passive: Magical Damage Block Consumes a charge to block 120 magic damage from damage instances over 75 damage.  Comes with 6 charges. When the charges are gone, the item disappears. Passive: Magical Damage Block 7 7"
"202","Buckler","https://es.dotabuff.com/assets/items/buckler-dd0c149ee72ed8bc5f6187cd3e49b05da0ecf59872da19dcb3bbaf3dd5e9dec9.jpg","425.0","Passive: Buckler Aura Grants 2 armor to allied player units.  Radius: 1200 Passive: Buckler Aura"
"203","Meteor Hammer","https://es.dotabuff.com/assets/items/meteor-hammer-1f5636fa67033573121f3053fa2cdd5f9e823fb3e771e64c973758e329571b5c.jpg","2850.0","Active: Meteor Hammer CHANNELED - After a successful channel, summons a meteor that strikes a 400 AoE, stunning enemies for 0.5 seconds and dealing impact damage. Continues to deal damage over time to enemies units and buildings for 6 seconds. Non-building units are also slowed for 20% for the duration of the burn.  Building Impact Damage: 90 Building Over Time Damage: 50  Non-Building Impact Damage: 130 Non-Building Over Time Damage: 50  Channel Duration: 2 seconds. Landing Time: 0.5 seconds. Active: Meteor Hammer 24 75 24 75"
"204","Headdress","https://es.dotabuff.com/assets/items/headdress-7b78c703a939e1cc8f456638d91a15d242501fcb83bf88d0a1cbdf2b5de6b7fe.jpg","425.0","Passive: Regeneration Aura Grants 2 health regeneration to allies.  Radius: 1200 Passive: Regeneration Aura"
"205","Arcane Ring","https://es.dotabuff.com/assets/items/arcane-ring-2af44ea76abbcdd72a1aa6dc4a7de5912b72f5264abe9107e2d7267c724ffe6c.jpg","","Active: Replenish Mana Restores mana equal to 30 + 3% of the caster's maximum mana pool to all nearby allies.  Radius: 1200 Active: Replenish Mana 60 60"
"206","Stormcrafter","https://es.dotabuff.com/assets/items/stormcrafter-6c963457d70aac8e3eb62353d07dbacf9841ba2b8f6ae21421cd21344820d625.jpg","","Passive: Bottled Lightning Zaps 2 enemy targets within 700 range, dealing 175 damage and a 40% slow for 0.4 seconds. Strikes every 3.5 seconds. Passive: Bottled Lightning 3.5 3.5"
"207","Ring of Tarrasque","https://es.dotabuff.com/assets/items/ring-of-tarrasque-2a7c4362cd755d10e004651a225cc0978f55dc6f9236a7a32ee186b6fa49b7eb.jpg","1800.0",""
"208","Reaver","https://es.dotabuff.com/assets/items/reaver-52697008ad361f7a6e82827b633c04f9c30884776e991c0f18ffac8d10f02b11.jpg","2800.0",""
"209","Divine Rapier","https://es.dotabuff.com/assets/items/divine-rapier-2e5ba838c5a8ee96648a83498e319f6e973aa288e0687d64f9411907fe9772a1.jpg","5600.0","Toggle: Transmute Toggle to gain either 25% bonus spell amplification or 250 bonus attack damage.  Passive: Everlasting Dropped on death, and cannot be destroyed.  Becomes unusable if picked up by an ally of its owner until it is returned to its owner. It is immediately usable by anybody if an enemy of the owner picks it up and is killed. A dropped Rapier cannot be picked up by a courier. Toggle: Transmute 6 6"
"210","Unstable Wand","https://es.dotabuff.com/assets/items/unstable-wand-6a61fc241f3cdc4fcf5b570680482235919b55e6e27a1e55ef861108a7a4e536.jpg","","Active: Pig, Out! Turns your hero into a critter for 3 seconds and gives them +20% Movement Speed. Active: Pig, Out! 20 20"
"211","Voodoo Mask","https://es.dotabuff.com/assets/items/voodoo-mask-44029d9c64fc4cd40b5da438f9491294e071dc1885818009cea7639c459c40e4.jpg","700.0","Passive: Magic Lifesteal Magical damage dealt to enemy heroes is returned to the caster as health. Passive: Magic Lifesteal"
"212","Diadem","https://es.dotabuff.com/assets/items/diadem-db5d7d1118270e78cc17e3dd18e62297bba52ca27e362a3651efb4ba4c182689.jpg","1000.0",""
"213","Cornucopia","https://es.dotabuff.com/assets/items/cornucopia-36bc939d16db9e33ba76695af2fcba55701b05c6bf4c1aec289b32f9f50ef29e.jpg","1200.0",""
"214","Belt of Strength","https://es.dotabuff.com/assets/items/belt-of-strength-b71a72c411f0999a808b2426b0cb86e6d343e0f7e770200dfd025d001bd2a2cb.jpg","450.0",""
"215","Helm of Iron Will","https://es.dotabuff.com/assets/items/helm-of-iron-will-f0bbc4bc392ded75cbdff3cea751baf715b70767ad00bfd2d3b741828e48f78b.jpg","975.0",""
"216","Fluffy Hat","https://es.dotabuff.com/assets/items/fluffy-hat-0e8279d2c8c584963f9fc7b445286e3ae4f524b32a8f58927ea170330c69415b.jpg","250.0",""
"217","Energy Booster","https://es.dotabuff.com/assets/items/energy-booster-34f7afb60aa701a2470e67e6816a25bfffc05f2d42274452126ee04a897be175.jpg","800.0",""
"218","Vitality Booster","https://es.dotabuff.com/assets/items/vitality-booster-46c2726db2913cc654ba4d2b2c56d7bf1c4b2ad476eb470745f5f8daa591e7f3.jpg","1000.0",""
"219","Rippers Lash","https://es.dotabuff.com/assets/items/rippers-lash-374409f9e71663c1797554da3c82a2d332a458cd3c255e1632356ad274b3dfbe.jpg","","Active: Flay Embeds thorns into all enemies in a 200 unit radius. Affected units take an additional damage when attacked for 10 seconds. Active: Flay 25 25"
"220","Ultimate Orb","https://es.dotabuff.com/assets/items/ultimate-orb-0603c5537f57a1bef0c145ec5807242120089a70540fec84728220ee56f017bf.jpg","2800.0",""
"221","Demon Edge","https://es.dotabuff.com/assets/items/demon-edge-a233feaf6fd144adee016fdc930e311bda21a0b7c3938eeac2be60d967198b61.jpg","2200.0",""
"222","Safety Bubble","https://es.dotabuff.com/assets/items/safety-bubble-c814f35a09c6cc2625b982d2c8300b5c349551ee020f48cc57506a8c3210d311.jpg","","Passive: Bubbled Up Equipped Hero has a 100 HP Barrier against enemy damage. Barrier fully regenerates after not receiving damage for 8 seconds. Self-inflicted damage bypasses the barrier. Passive: Bubbled Up"
"223","Philosopher's Stone","https://es.dotabuff.com/assets/items/philosophers-stone-59c06bf72309da81a100a2aa79f15fb339fe4514bc07da0b6ff28d3c5169d04d.jpg","",""
"224","Eaglesong","https://es.dotabuff.com/assets/items/eaglesong-7bf50659209222f1878c0e2d24535ea8a4acee5096b625f1ac337f1acb88fb27.jpg","2800.0",""
"225","Sage's Mask","https://es.dotabuff.com/assets/items/sages-mask-0c8d5714aafad6b67cb5badd4737e35aa49890f7192ad13114275a1b575f4189.jpg","175.0",""
"226","Duelist Gloves","https://es.dotabuff.com/assets/items/duelist-gloves-2b72f0a492a5882445bb0ee359c2f3556d1caa46ab9b0cd9cf1d45e16a5f9718.jpg","","Passive: Boldness Grants 20 attack speed as long as there are enemy heroes within 1200 units. Passive: Boldness"
"227","Desolator 2","https://es.dotabuff.com/assets/items/desolator-2-b87e7c0cc698e977d763499b9574b2829642fd177706b77a081d3a0825fdf19d.jpg","","Passive: Greater Corruption Your attacks reduce the target's armor by -13 for 7 seconds. Passive: Greater Corruption"
"228","Broom Handle","https://es.dotabuff.com/assets/items/broom-handle-cd0d89c11cdd1f0d8136d61ef4d05e22dfea8cc5d13ab265f2b833b1721ef8ac.jpg","",""
"229","Polliwog Charm","https://es.dotabuff.com/assets/items/polliwog-charm-4d4201d08ebd26255c80cf56813ca9c096cb6c89f2d7ff51b83cac700885c7b3.jpg","","Active: Ribbit Increases the health regeneration of a target ally by 8 for 14 seconds. While standing in water, the blessed unit also moves 10% faster. Active: Ribbit 45 40 45 40"
"230","Shadow Amulet","https://es.dotabuff.com/assets/items/shadow-amulet-6122938315f67213a0aa8786588ca803482e92f47fb1d733a2209e3695703743.jpg","1000.0","Active: Fade Grants invisibility to you or a target allied hero for 3.5s. Movement speed during the invisibility is reduced by 35%. Active: Fade 18 18"
"231","Ring of Basilius","https://es.dotabuff.com/assets/items/ring-of-basilius-85660b98ee26494ff60edc3d442dd94e5569708f8ff65197626c760f074bf781.jpg","425.0","Passive: Basilius Aura Grants 1 mana regeneration to allies.  Radius: 1200 Passive: Basilius Aura"
"232","Arcane Blink","https://es.dotabuff.com/assets/items/arcane-blink-3779abcce2b58e779485950c07edfa1e6704adc3e2920d1cb968b3cb6c3d0bd2.jpg","6800.0","Active: Arcane Blink Teleport to a target point up to 1400 units away.  After teleportation, you restore 250 health and 100 mana.  Arcane Blink cannot be used for 3 seconds after taking damage from an enemy hero or Roshan. Active: Arcane Blink 9 9"
"233","Mystic Staff","https://es.dotabuff.com/assets/items/mystic-staff-b843f0c7bf1ac978037498d96ef497cd791a8116b1aa43c79101d36794eece83.jpg","2800.0",""
"234","Oblivion Staff","https://es.dotabuff.com/assets/items/oblivion-staff-678c08fdbf88220940933aab52c02a3a48a6ce56e86d714b035643ae3ce5f543.jpg","1625.0",""
"235","Ring of Health","https://es.dotabuff.com/assets/items/ring-of-health-a69b3fe7e06fd53d16b960b3cc3929ab87f480e7fc12c7c9ef0d5655d9afe4f0.jpg","700.0",""
"236","Lance of Pursuit","https://es.dotabuff.com/assets/items/lance-of-pursuit-eb14322f6d2e61769fcd4da32375d91650e914420c6323bf1cc4bec2906e8254.jpg","","Passive: Hound Attacking from behind slows enemies by 16% (8% if Ranged) and deals 20 more damage. Slow lasts 2 second(s). Passive: Hound"
"237","Gris-Gris","https://es.dotabuff.com/assets/items/gris-gris-6232e5d4f95f05f5881bb4e29aad54a1b7bd13a4d353174ea8193de5c2cedad0.jpg","","This item that cannot be dropped or placed in the backpack but can be put into normal inventory slots. When the owner dies, 100% of the gold lost from death is added to the item, and will be refunded when the item is consumed. Right-click to consume and permanently remove the item."
"238","Ring of Protection","https://es.dotabuff.com/assets/items/ring-of-protection-c5cb65c8eb1af4a0d59330d9d8ecc34c7b216d0473fce27e9cd3b48a3b437e4d.jpg","175.0",""
"239","Faerie Fire","https://es.dotabuff.com/assets/items/faerie-fire-ac7da328e07d0d27fe932a12549c2422e3d02bbefd7810289e6ff9136cfd50e2.jpg","65.0","Use: Imbue Instantly restores 85 health. Use: Imbue 5 5"
"240","Broadsword","https://es.dotabuff.com/assets/items/broadsword-8c84cca72f88e7f891edcdf808886ab01d33bc6afcc93c58ecdc4256b7ab79eb.jpg","1000.0",""
"241","Talisman of Evasion","https://es.dotabuff.com/assets/items/talisman-of-evasion-7a65843d709b8a65aa885aa2a6d70bb8b3ac04073dcec861f4e5223dfff55c51.jpg","1300.0",""
"242","Slippers of Agility","https://es.dotabuff.com/assets/items/slippers-of-agility-cfdbcd68a8616a6399f68d2e050b1ab9dcc42376d15c7a5d06a469db729de84e.jpg","140.0",""
"243","Panic Button","https://es.dotabuff.com/assets/items/panic-button-90df512e40cb830dbeab848c2b492b10029e10d378fe00414dfdb6cee8449f35.jpg","","Passive: Rejuvenate When the wearer's health falls below 20%, they will receive a strong dispel and be healed for 1500 health.  Dispel Type: Strong Dispel Passive: Rejuvenate 75 75"
"244","Chainmail","https://es.dotabuff.com/assets/items/chainmail-01e3c1fd32cff3d072dd448a76b3478b31bf60185e6d4723ef44edeaac062e1b.jpg","550.0",""
"245","Mantle of Intelligence","https://es.dotabuff.com/assets/items/mantle-of-intelligence-1305d502ae30942c77d00212f0770996d30974e8f07a82308a068d48e6e6d16d.jpg","140.0",""
"246","Gloves of Haste","https://es.dotabuff.com/assets/items/gloves-of-haste-9aa0c0baabaa904e7eaa25054e95b24314797550257abcf86c67924c756d86ef.jpg","450.0",""
"247","Royal Jelly","https://es.dotabuff.com/assets/items/royal-jelly-8a120ba625e979702a466ab37c852602c14e25f28ec36d6ed7a0c0f87e75b07a.jpg","","Active: Consume Consumes all charges and grants a target allied unit a buff that provides +2.5 Health Regen and +1.25 Mana Regen per charge for 8s.  If the unit is attacked by an enemy hero or Roshan, the effect is lost. Active: Consume"
"248","Dagon (level 3)","https://es.dotabuff.com/assets/items/dagon-level-3-050c09eb07daad349a3cbc4c094df7e197ceb8006fa3a550c97b45dfec9134a9.jpg","5150.0","Active: Energy Burst Emits a powerful burst of magical damage upon a targeted enemy unit. Heals the caster 75% of damage dealt by Dagon. Upgradable.  Damage: 400 / 500 / 600 / 700 / 800 Mana Cost: 120 / 140 / 160 / 180 / 200 Active: Energy Burst 27 24 21 18 15 120 140 160 180 200 27 24 21 18 15 120 140 160 180 200"
"249","Seeds of Serenity","https://es.dotabuff.com/assets/items/seeds-of-serenity-99d54495058ad7f3c5bd244fa65635536bb1bdd5ba1123c111167d1fd05dd6d1.jpg","","Active: Verdurous Dale Target the ground with a 400 radius. Provides health regeneration to all allied units while they are in the area of effect equal to 6 + 25% of the caster's health regeneration at the time of casting. Lasts 8 seconds. Active: Verdurous Dale 35 35"
"250","Soul Booster","https://es.dotabuff.com/assets/items/soul-booster-d01f336a38ffce5267c72ebc3ced36480e71b72b4e867b9561de2a5f1fd63d11.jpg","3000.0",""
"251","Dagon (level 4)","https://es.dotabuff.com/assets/items/dagon-level-4-ea1a94fb67af20b7abc9611198bd630d68a1389cde6e35b213744ea24a776347.jpg","6300.0","Active: Energy Burst Emits a powerful burst of magical damage upon a targeted enemy unit. Heals the caster 75% of damage dealt by Dagon. Upgradable.  Damage: 400 / 500 / 600 / 700 / 800 Mana Cost: 120 / 140 / 160 / 180 / 200 Active: Energy Burst 27 24 21 18 15 120 140 160 180 200 27 24 21 18 15 120 140 160 180 200"
"252","Dagon (level 2)","https://es.dotabuff.com/assets/items/dagon-level-2-cffc9519718bdff2ba941bfcaf28d1c00cf9d186e483723064f9c329886b4d4c.jpg","4000.0","Active: Energy Burst Emits a powerful burst of magical damage upon a targeted enemy unit. Heals the caster 75% of damage dealt by Dagon. Upgradable.  Damage: 400 / 500 / 600 / 700 / 800 Mana Cost: 120 / 140 / 160 / 180 / 200 Active: Energy Burst 27 24 21 18 15 120 140 160 180 200 27 24 21 18 15 120 140 160 180 200"
"253","Band of Elvenskin","https://es.dotabuff.com/assets/items/band-of-elvenskin-622c212ee9f2a9cd71e239a3c63c27c8bcfa55731ad83b585039c52644a0a705.jpg","450.0",""
"254","Doubloon","https://es.dotabuff.com/assets/items/doubloon-244e59294851c9bade5c38f19942be8f69aff578c8737a26b50135b6b09b0aa2.jpg","","Toggle: Flip Toggle to convert 30% of your Max Health to Max Mana, or 30% of your Max Mana to Max Health. Toggle: Flip 5 5"
"255","Evolved","https://es.dotabuff.com/assets/items/evolved-f1db23380e137d1c32165022dd38468ffb9b98d80b7cdcdcdfddc613cca21327.jpg","",""
"256","Robe of the Magi","https://es.dotabuff.com/assets/items/robe-of-the-magi-8be3ce9f3489b05d8d13c3af0b99a0bc3a8faec4bcacaec315739d6fbd40edf6.jpg","450.0",""
"257","Boundless","https://es.dotabuff.com/assets/items/boundless-1cbb548a981de04b0e009309a759337702c40a9b204a34dd9b6c9da36674a376.jpg","",""
"258","Tier 4 Token","https://es.dotabuff.com/assets/items/tier-4-token-8789c68683d830cc4021bdc31f078db011beaf1e0641dce3d97e7e6bb165e61b.jpg","","Activate to redeem a Tier 4 Neutral Item. The resulting neutral item isn't shareable and a hero can only redeem a single token per tier."
"259","Pirate Hat","https://es.dotabuff.com/assets/items/pirate-hat-3c327df4ce699ee731a4f2171b29b4737f76e90fcc2075689c6b315d5caeefeb.jpg","","Passive: Plunder Steals 150 gold from enemy heroes that die within 1200 units. If the wearer is the killer, there is no range limit and an additional 400 gold is stolen. Passive: Buried Treasure Gold loss on death reduced by 100%. Passive: Plunder"
"260","Ring of Regen","https://es.dotabuff.com/assets/items/ring-of-regen-d8607f64307591973629bbedc6f203a4ccafea212e51bb2890c14a6d71205c7d.jpg","175.0",""
"261","Tier 3 Token","https://es.dotabuff.com/assets/items/tier-3-token-f107ba43d7213f59625864dc7440dd21012d6eef7b4afa464fe947162cf07e64.jpg","","Activate to redeem a Tier 3 Neutral Item. The resulting neutral item isn't shareable and a hero can only redeem a single token per tier."
"262","Cheese","https://es.dotabuff.com/assets/items/cheese-88678c5a78d1df56391fe341035631eae5f6ff84256ed4d397a621fb06465b59.jpg","1000.0","Use: Fondue Instantly restores 2500 health and 1500 mana. Use: Fondue 40 40"
"263","Demonicon","https://es.dotabuff.com/assets/items/demonicon-aa1fc4a3e62d25bfbfadd056247b41b8ae08879721092c1add63d0ff24500ff6.jpg","","Active: Greater Demonic Summoning Summon 2 demonic warriors and 2 demonic archers that last 75 seconds. The Warrior burns mana every hit, reveals invisible units, and deals magical damage to whoever kills it. The Archer has a basic dispel ability with a slow and a passive movement speed aura. Active: Greater Demonic Summoning 80 80"
"264","Giant's Ring","https://es.dotabuff.com/assets/items/giants-ring-cbe2968c922e3a836273c0c8b66c01218ad8412c29d484e7f3aa91a2ab43cccf.jpg","","Passive: Giant's Foot Can path over any terrain and deals 100% of your strength per second to units you are standing ontop of. Passive: Giant's Foot"
"265","Mirror Shield","https://es.dotabuff.com/assets/items/mirror-shield-b99c388b42789838ce8235c78a3fef2ec9e0792d6a1f61317e0ba8c63d93d828.jpg","","Passive: Echo Shield Block and reflect most targeted spells back to their caster once every 12 seconds. Passive: Echo Shield"
"266","Fallen Sky","https://es.dotabuff.com/assets/items/fallen-sky-346f28542b7fb09f761611aa0f82dba9cfa02eb080921fd32a58844ecdc83be5.jpg","","Active: Fallen Sky Transform into a meteor that strikes down at the target area after 1 seconds in a 315 AoE, stunning enemies for 1.6 seconds and dealing impact damage. Continues to deal damage every 1 seconds to enemy units and buildings for 6 seconds.  Building Impact Damage: 75 Building Over Time Damage: 60  Non-Building Impact Damage: 150 Non-Building Over Time Damage: 60  Fallen Sky cannot be used for 3 seconds after taking damage from an enemy hero or Roshan. Active: Fallen Sky 25 25"
"267","Minotaur Horn","https://es.dotabuff.com/assets/items/minotaur-horn-2199dc708a54ef77688d5aa6ab2078b945812eb582a07d27711f239a5e01afa4.jpg","","Active: Lesser Avatar Applies a basic dispel. Grants 50% Magic resistance and immunity to pure and reflected damage for 2s. For the duration of the effect, any negative effect from enemy spells has no effect.  Dispel Type: Basic Dispel Active: Lesser Avatar 40 40"
"268","Crown","https://es.dotabuff.com/assets/items/crown-d527c5e4a4909ea704064ac20db43e347498be986574f9fc2cdce0883a884f04.jpg","450.0",""
"269","Ironwood Tree","https://es.dotabuff.com/assets/items/ironwood-tree-515c1b769c09b3a8a571656022f54e6cdd1f6f8c1ba50575fdd659e61ed2999a.jpg","","Use: Plant Tree Targets the ground to plant a happy little tree that lasts for 20 seconds. Use: Plant Tree 15 15"
"270","Blades of Attack","https://es.dotabuff.com/assets/items/blades-of-attack-1bb7bc4909ff7ed23015c812f7699aa074f06abd9a07b6bea0984507842716e3.jpg","450.0",""
"271","Pavise","https://es.dotabuff.com/assets/items/pavise-16edb3ba0dd8b5cb61bccf65094a1753b4e32427430aa4848d28f91f85c209f7.jpg","1400.0","Active: Protect When cast on an ally, grants them a physical damage barrier that absorbs 250 damage. Duration: 7s. Active: Protect 16 100 16 100"
"272","Light Collector","https://es.dotabuff.com/assets/items/light-collector-e535c9768b5c688ddd10ed0819b8138d172a14ff384ccdb2103564461f8c92f3.jpg","","Active: Lightbreak Produce a brilliant flash of light that destroys trees in a 325 AoE.  Passive: Unclouded Provides wearer with health regeneration during the day and mana regeneration during the night. When within a 200 distance of any trees, health and mana regeneration are decreased by 75%. Active: Lightbreak 30 30"
"273","Audacious","https://es.dotabuff.com/assets/items/audacious-f5ec30634b6bae17b9ee461c79b7dc88a251e4e5746521d89117a487c5bd3f72.jpg","",""
"274","Fleetfooted","https://es.dotabuff.com/assets/items/fleetfooted-0598a6330f0cf6ece0a38fde45a96507b3fec7c4cc1dd2ea0c8a8490cfb3c33d.jpg","",""
"275","Helm of the Overlord","https://es.dotabuff.com/assets/items/helm-of-the-overlord-285a2459e91008602edd8181b7effe302e5a337badc88dd80b2ad84800cfbe52.jpg","5725.0","Active: Dominate Takes control of one neutral target unit and sets its movement speed to 380 and max health to a minimum of 1800. Also provides the unit with +70 base attack damage, +12 health regen, +4 mana regen, +7 armor, and levels up some abilities of the target by 1 level.  Dominated units with a max health of greater than 1800 retain their original max health. Grants the caster the gold and experience bounty of the dominated creep. Dominated unit's bounty is set to 250 gold.. Active: Dominate 45 45"
"276","Sacred Relic","https://es.dotabuff.com/assets/items/sacred-relic-8f6cabb2312914532c1f7c3bd1bac842357f98ce7df34e3c3ed9ed32a301b4c2.jpg","3400.0",""
"277","Refresher Shard","https://es.dotabuff.com/assets/items/refresher-shard-fd64450b657c29e57ea927a7fd5e01d394c4d5f0d1746e487a699909a9b96ac8.jpg","1000.0","Use: Reset Cooldowns Resets the cooldowns of all your items and abilities. Shares a cooldown with Refresher Orb. This item's cooldown only progresses in your hero's main inventory. Use: Reset Cooldowns 180 200 180 200"
"278","Apex","https://es.dotabuff.com/assets/items/apex-ef44cd491769468983ed2cf198e7ee8feb28ac4522ddbfba19fd0d57df7f7cac.jpg","",""
"279","Force Boots","https://es.dotabuff.com/assets/items/force-boots-821c55f643a2fc5a2b71f72dfdf113c6dd8b6e60455748a4d7f9fbe965197955.jpg","","Active: Force Pushes the target 750 units in the direction they are facing. Dispels if cast on an ally.  Dispel Type: Basic Dispel  Passive: Speed Unlock Completely removes the speed limit for the wearer Movement speed bonuses from multiple pairs of boots do not stack. Active: Force 8 75 8 75"
"280","Seer Stone","https://es.dotabuff.com/assets/items/seer-stone-1c25ba742b2b30f6af736cdfa2f644836fe13902a70afb05818ae1b972ce9b43.jpg","","Active: Reveal Reveal a target 800 area of the map for 6 seconds. Active: Reveal 60 60"
"281","Tier 2 Token","https://es.dotabuff.com/assets/items/tier-2-token-910aac2695df8491c4bf117be55596eac00a3458063a41f9db912ea5a3289ab9.jpg","","Activate to redeem a Tier 2 Neutral Item. The resulting neutral item isn't shareable and a hero can only redeem a single token per tier."
"282","Spider Legs","https://es.dotabuff.com/assets/items/spider-legs-18a4f7e9e1b2be1677ad47f08d808c812e5cdadd443c22673054a1c206b82182.jpg","","Active: Skitter Grants you 20% bonus movement speed, 50% improved turn rate, and free pathing for 10 seconds. Walking over trees causes them to be destroyed. Active: Skitter 20 20"
"283","Feverish","https://es.dotabuff.com/assets/items/feverish-c045e5df6edcc8e6c9134cc2b93cbd73a2b635dfaf891ba7e44f03225efcb09d.jpg","",""
"284","Tier 1 Token","https://es.dotabuff.com/assets/items/tier-1-token-83c256f4d060f46c575c59db1d3af7554151126e1e5c30a71139353f62965c04.jpg","","Activate to redeem a Tier 1 Neutral Item. The resulting neutral item isn't shareable and a hero can only redeem a single token per tier."
"285","Unrelenting Eye","https://es.dotabuff.com/assets/items/unrelenting-eye-ff53ab5b15e3f1b1671b95b495dd0ef1b5817f802e800154aa70e5c7a6516006.jpg","","Passive: Relentless Increases slow resistance by 100%. This bonus is reduced by 20% for every enemy hero within 300 units.  Increases status resistance by 10% for every enemy hero within 300 units. Passive: Relentless"
"286","Helm of the Dominator","https://es.dotabuff.com/assets/items/helm-of-the-dominator-69cbd897607c10832065cd0397e91a0c178a63e1ef9c6de15a9e9d2c96eb7ac9.jpg","2625.0","Active: Dominate Takes control of one neutral, non-ancient target unit and sets its movement speed to 380 and max health to a minimum of 1000. Also provides the unit with +25 base attack damage, +12 health regen, +4 mana regen and +4 armor.  Dominated units with a max health of greater than 1000 retain their original max health. Grants the caster the gold and experience bounty of the dominated creep. Dominated unit's bounty is set to 100 gold. Active: Dominate 45 45"
"287","Arcanist's Armor","https://es.dotabuff.com/assets/items/arcanists-armor-dbe4094152ed690bcf91f4abc4acf7d32070088ad5d08c009578e1414cc1a9d5.jpg","","Active: Mega Shield Force Field Aura Grants 25% Damage Reflection for 5 seconds.  Passive: Shield Grants +4 armor and +8% Magic Resistance to all other allies within 1200 radius. Active: Mega Shield 35 35"
"288","Book of Shadows","https://es.dotabuff.com/assets/items/book-of-shadows-bbf0607d55de048839265b3c101fff2bc954baef1eab4716783046399bfe65ef.jpg","","Active: Shadows Target an enemy, ally or self. Causes the target to become untargetable from enemies to the caster, but also silenced, muted and disarmed for 4 seconds. Applies a Basic Dispel.  Dispel Type: Basic Dispel Active: Shadows 8 8"
"289","Unwavering Condition","https://es.dotabuff.com/assets/items/unwavering-condition-e0a914007c97d8e3049039295cfe42bc9e74afc7e7f18708152e94af77051a66.jpg","","Passive: Unwavering Hero's Max Health is set to 1800 and can't be altered by other effects or attributes. Passive: Unwavering"
"290","Black Grimoire","https://es.dotabuff.com/assets/items/black-grimoire-3654b4262868ac385c911200e603746eb086f7dd1a93e61fa6ccb708c3a95621.jpg","","Use: Profane Knowledge Hero kills and assists empower the Black Grimoire, granting it charges. Right-click to consume and grant 250 experience per charge. Starts on cooldown. This item cannot be dropped. Use: Profane Knowledge 420 420"
"291","Wise","https://es.dotabuff.com/assets/items/wise-cd7c371f2304d7d1f62e1c2a0b92df29f3284aa4b9b3e7772e95b8b60a773350.jpg","",""
"292","Tier 5 Token","https://es.dotabuff.com/assets/items/tier-5-token-24de71f3ff5ae262e48f0bd91f0d5d7bd3c53f3f21647c63100786a5b46286d6.jpg","","Activate to redeem a Tier 5 Neutral Item. The resulting neutral item isn't shareable and a hero can only redeem a single token per tier."
"293","Aghanim's Blessing - Roshan","https://es.dotabuff.com/assets/items/aghanims-blessing-roshan-a2f6d33cc196d72706f6a7f306379104205bfd36ced17047096b84ad7e2f6790.jpg","5800.0","Passive: Ability Upgrade Upgrades the ultimate, and some abilities, of all heroes. Passive: Ability Upgrade"
"294","Tango (Shared)","https://es.dotabuff.com/assets/items/tango-shared-d9ad0d9217167b01f7e95b305c3c2899fa9e79842478a8f134cc0aba9acb75a7.jpg","30.0","Use: Devour Consumes a target tree to gain 7 health regeneration for 16 seconds. Consuming an Ironwood Tree doubles the heal amount.  Tree Range: 165 Use: Devour"
"295","Block of Cheese","https://es.dotabuff.com/assets/items/block-of-cheese-54c171a7e032b6d7095d6b4b7f28a24b5f8ced2898e356e57422472bf7400d6d.jpg","2.0","Use: Scrumptious Try me! Use: Scrumptious 40 40"
"296","Aghanim's Blessing","https://es.dotabuff.com/assets/items/aghanims-blessing-d304fe07769b81d0c2624d78b12ed3a97194470b18d1999f8d5ed5654d8b1691.jpg","5800.0","Passive: Ability Upgrade Upgrades the ultimate, and some abilities, of all heroes. Passive: Ability Upgrade"
"297","Town Portal Scroll","https://es.dotabuff.com/assets/items/town-portal-scroll-2d2582148dee6c9f143ed6b6d7b21d736633dae1a3e5b57525cff42310c0fff3.jpg","100.0","Use: Teleport After channeling for 3 seconds, teleports you to a target friendly building.  Double-click to teleport to your team's base fountain. Use: Teleport 80 75 80 75"
